id_loja,id_campo,mes_ano,valor,valor_orcado
1,1.1.1,05 - 2024,963601.13,1499784.95
1,1.1.2,05 - 2024,575925.8,367770.23
1,1.1.3,05 - 2024,46951.38,48533.78
1,1.1.4,05 - 2024,72555.5,87873.17
1,1.2.1,05 - 2024,634287.24,534614.94
1,1.2.2,05 - 2024,7268.6,24940.42
1,1.3,05 - 2024,49158.03,64882.76
1,1.4,05 - 2024,,
1,1.5,05 - 2024,13530.09,13345.29
1,1.6,05 - 2024,,
1,1.7,05 - 2024,164708.94,231020.1
1,1.8,05 - 2024,796.1,5022.35
1,2.1.1,05 - 2024,243569.87,259219.07
1,2.1.2,05 - 2024,1486.68,873.52
1,2.1.3,05 - 2024,56711.95,129908.56
1,2.1.4,05 - 2024,32254.66,56969.36
1,2.1.5,05 - 2024,24574.45,74418.24
1,2.1.6,05 - 2024,,
1,2.1.7,05 - 2024,17486.15,16436.54
1,2.2.1,05 - 2024,125788.61,78184.4
1,2.2.2,05 - 2024,13435.75,17419.48
1,2.3,05 - 2024,2999.49,5249.26
1,1.1.1,06 - 2024,1749505.56,1518335.77
1,1.1.2,06 - 2024,439138.02,462276.39
1,1.1.3,06 - 2024,119043.41,50659.08
1,1.1.4,06 - 2024,89945.02,55713.25
1,1.2.1,06 - 2024,675257.1,493957.26
1,1.2.2,06 - 2024,2172.22,14325.87
1,1.3,06 - 2024,94685.62,100961.61
1,1.4,06 - 2024,,
1,1.5,06 - 2024,19909.12,10673.3
1,1.6,06 - 2024,,
1,1.7,06 - 2024,262719.92,234706.51
1,1.8,06 - 2024,16286.72,335.82
1,2.1.1,06 - 2024,277963.36,372337.34
1,2.1.2,06 - 2024,1442.12,1497.09
1,2.1.3,06 - 2024,355.76,
1,2.1.4,06 - 2024,32721.37,44550.02
1,2.1.5,06 - 2024,26035.75,70340.7
1,2.1.6,06 - 2024,2244.74,
1,2.1.7,06 - 2024,26435.85,16995.85
1,2.2.1,06 - 2024,97070.63,136615.46
1,2.2.2,06 - 2024,5557.09,10540.27
1,2.3,06 - 2024,7035.85,7227.27
1,1.1.1,05 - 2025,835576.88,834780.4
1,1.1.2,05 - 2025,362657.24,434376.47
1,1.1.3,05 - 2025,41884.96,61294.95
1,1.1.4,05 - 2025,81392.52,56809.1
1,1.2.1,05 - 2025,633725.96,466889.47
1,1.2.2,05 - 2025,5487.11,9557.11
1,1.3,05 - 2025,193952.57,95759.11
1,1.4,05 - 2025,,
1,1.5,05 - 2025,28859.98,19779.62
1,1.6,05 - 2025,,
1,1.7,05 - 2025,252106.12,252936.76
1,1.8,05 - 2025,1790.01,740.63
1,2.1.1,05 - 2025,402319.33,273034.49
1,2.1.2,05 - 2025,1231.38,1510.39
1,2.1.3,05 - 2025,116237.66,56746.57
1,2.1.4,05 - 2025,43346.49,38350.95
1,2.1.5,05 - 2025,-2661.18,31453.82
1,2.1.6,05 - 2025,,
1,2.1.7,05 - 2025,24019.37,28108.95
1,2.2.1,05 - 2025,100216.25,94650.34
1,2.2.2,05 - 2025,21011.01,18044.5
1,2.3,05 - 2025,5291.76,2407.58
1,1.1.1,06 - 2025,830970.8,814378.59
1,1.1.2,06 - 2025,209173.3,398561.81
1,1.1.3,06 - 2025,39487.99,129513.3
1,1.1.4,06 - 2025,69551.04,59896.62
1,1.2.1,06 - 2025,743872.07,745726.22
1,1.2.2,06 - 2025,8699.18,4210.47
1,1.3,06 - 2025,204996.11,98434.86
1,1.4,06 - 2025,,
1,1.5,06 - 2025,16799.75,15143.81
1,1.6,06 - 2025,,
1,1.7,06 - 2025,149292.78,213045.86
1,1.8,06 - 2025,1255.08,996.58
1,2.1.1,06 - 2025,299249.2,301270.14
1,2.1.2,06 - 2025,505.42,1546.9
1,2.1.3,06 - 2025,115521.27,692.34
1,2.1.4,06 - 2025,45576.55,71700.37
1,2.1.5,06 - 2025,-27726.45,30014.56
1,2.1.6,06 - 2025,,3624.92
1,2.1.7,06 - 2025,37645.01,34446.07
1,2.2.1,06 - 2025,97949.51,168847.79
1,2.2.2,06 - 2025,19019.35,4422.57
1,2.3,06 - 2025,9825.46,7365.96
2,1.1.1,05 - 2024,2119269.21,1450028.03
2,1.1.2,05 - 2024,283077.89,207316.26
2,1.1.3,05 - 2024,42808.54,71372.46
2,1.1.4,05 - 2024,69052.36,74877.12
2,1.2.1,05 - 2024,484461.9,297624.16
2,1.2.2,05 - 2024,9890.99,15431.43
2,1.3,05 - 2024,43760.75,45435.98
2,1.4,05 - 2024,,
2,1.5,05 - 2024,5765.46,5306.43
2,1.6,05 - 2024,,
2,1.7,05 - 2024,305504.05,287575.13
2,1.8,05 - 2024,851.93,3493.47
2,2.1.1,05 - 2024,467980.61,87627.77
2,2.1.2,05 - 2024,4993.03,6583.09
2,2.1.3,05 - 2024,9655.72,400879.87
2,2.1.4,05 - 2024,47793.19,163463.76
2,2.1.5,05 - 2024,78992.91,213492.94
2,2.1.6,05 - 2024,,12268.35
2,2.1.7,05 - 2024,16730.89,29748.16
2,2.2.1,05 - 2024,69183.18,65925.17
2,2.2.2,05 - 2024,29721.44,5696.92
2,2.3,05 - 2024,5646.47,9000.28
2,1.1.1,06 - 2024,1847419.88,1927418.29
2,1.1.2,06 - 2024,259363.53,238128.87
2,1.1.3,06 - 2024,82722.1,48597.3
2,1.1.4,06 - 2024,101362.14,95439.09
2,1.2.1,06 - 2024,259734.37,288085.94
2,1.2.2,06 - 2024,20734.19,11919.33
2,1.3,06 - 2024,164188.45,60986.44
2,1.4,06 - 2024,,
2,1.5,06 - 2024,6966.27,7022.76
2,1.6,06 - 2024,,
2,1.7,06 - 2024,251934.69,233098.82
2,1.8,06 - 2024,6688.22,485.54
2,2.1.1,06 - 2024,232016.12,190716.86
2,2.1.2,06 - 2024,3682.19,3548.58
2,2.1.3,06 - 2024,100804.91,4166.7
2,2.1.4,06 - 2024,80379.38,227750.03
2,2.1.5,06 - 2024,25385.87,61432.45
2,2.1.6,06 - 2024,2474.46,
2,2.1.7,06 - 2024,39822.89,27719.0
2,2.2.1,06 - 2024,41294.86,59064.5
2,2.2.2,06 - 2024,17254.84,54682.93
2,2.3,06 - 2024,13132.01,13823.06
2,1.1.1,05 - 2025,1572717.2,1409915.31
2,1.1.2,05 - 2025,346357.99,399415.66
2,1.1.3,05 - 2025,38307.49,75082.1
2,1.1.4,05 - 2025,109832.96,122968.69
2,1.2.1,05 - 2025,306432.55,266784.23
2,1.2.2,05 - 2025,3825.11,16168.68
2,1.3,05 - 2025,54413.6,46388.47
2,1.4,05 - 2025,,
2,1.5,05 - 2025,7449.98,5457.8
2,1.6,05 - 2025,,
2,1.7,05 - 2025,228911.09,181385.81
2,1.8,05 - 2025,1306.99,1054.91
2,2.1.1,05 - 2025,269910.19,270624.13
2,2.1.2,05 - 2025,2667.12,5747.07
2,2.1.3,05 - 2025,266170.9,10380.54
2,2.1.4,05 - 2025,167266.57,41325.48
2,2.1.5,05 - 2025,53465.95,83373.57
2,2.1.6,05 - 2025,,
2,2.1.7,05 - 2025,42874.61,23621.68
2,2.2.1,05 - 2025,50689.8,43037.12
2,2.2.2,05 - 2025,18883.57,15992.38
2,2.3,05 - 2025,15522.88,8299.69
2,1.1.1,06 - 2025,1819936.12,1646954.43
2,1.1.2,06 - 2025,393957.37,267817.43
2,1.1.3,06 - 2025,57980.68,84019.16
2,1.1.4,06 - 2025,90354.22,107546.34
2,1.2.1,06 - 2025,295013.61,525293.55
2,1.2.2,06 - 2025,7077.09,18174.41
2,1.3,06 - 2025,66264.21,75912.06
2,1.4,06 - 2025,,
2,1.5,06 - 2025,6472.78,7648.54
2,1.6,06 - 2025,,
2,1.7,06 - 2025,279574.92,291801.73
2,1.8,06 - 2025,2574.69,4442.58
2,2.1.1,06 - 2025,359884.76,183178.88
2,2.1.2,06 - 2025,3354.95,7591.58
2,2.1.3,06 - 2025,110870.06,174350.89
2,2.1.4,06 - 2025,201700.01,78577.53
2,2.1.5,06 - 2025,89141.31,51504.46
2,2.1.6,06 - 2025,,2340.47
2,2.1.7,06 - 2025,26401.32,29513.07
2,2.2.1,06 - 2025,88860.48,80152.31
2,2.2.2,06 - 2025,6535.19,8698.63
2,2.3,06 - 2025,21258.72,16977.62
3,1.1.1,05 - 2024,1205165.9,1270685.85
3,1.1.2,05 - 2024,346022.8,532149.08
3,1.1.3,05 - 2024,56592.2,69442.94
3,1.1.4,05 - 2024,92106.63,80471.63
3,1.2.1,05 - 2024,248125.0,321603.03
3,1.2.2,05 - 2024,7438.25,6271.74
3,1.3,05 - 2024,121422.11,45406.3
3,1.4,05 - 2024,,
3,1.5,05 - 2024,16750.41,19635.39
3,1.6,05 - 2024,,
3,1.7,05 - 2024,125413.66,210087.02
3,1.8,05 - 2024,868.04,730.2
3,2.1.1,05 - 2024,248046.01,217466.16
3,2.1.2,05 - 2024,2151.59,1895.42
3,2.1.3,05 - 2024,54805.13,260178.97
3,2.1.4,05 - 2024,43414.63,42447.12
3,2.1.5,05 - 2024,,
3,2.1.6,05 - 2024,,14812.53
3,2.1.7,05 - 2024,4307.39,21869.03
3,2.2.1,05 - 2024,84867.27,63459.24
3,2.2.2,05 - 2024,6244.96,15770.18
3,2.3,05 - 2024,7093.53,7925.93
3,1.1.1,06 - 2024,1174401.4,1231017.76
3,1.1.2,06 - 2024,312066.83,292135.68
3,1.1.3,06 - 2024,36948.72,84008.46
3,1.1.4,06 - 2024,112695.65,61402.64
3,1.2.1,06 - 2024,267702.7,186288.38
3,1.2.2,06 - 2024,6556.44,5424.94
3,1.3,06 - 2024,85921.61,58149.91
3,1.4,06 - 2024,,
3,1.5,06 - 2024,12413.46,10329.54
3,1.6,06 - 2024,,
3,1.7,06 - 2024,250442.94,191474.75
3,1.8,06 - 2024,625.92,1100.04
3,2.1.1,06 - 2024,222892.66,209480.21
3,2.1.2,06 - 2024,551.72,2959.43
3,2.1.3,06 - 2024,,83308.63
3,2.1.4,06 - 2024,27453.85,28309.87
3,2.1.5,06 - 2024,35905.0,62554.38
3,2.1.6,06 - 2024,32758.4,15316.74
3,2.1.7,06 - 2024,23716.58,20713.84
3,2.2.1,06 - 2024,74146.48,53792.21
3,2.2.2,06 - 2024,35622.54,14247.56
3,2.3,06 - 2024,8220.56,9234.16
3,1.1.1,05 - 2025,1069167.09,793412.24
3,1.1.2,05 - 2025,215606.0,496682.29
3,1.1.3,05 - 2025,51426.43,42778.13
3,1.1.4,05 - 2025,106723.5,133713.55
3,1.2.1,05 - 2025,329148.54,313951.96
3,1.2.2,05 - 2025,6952.42,9257.1
3,1.3,05 - 2025,112537.93,86746.83
3,1.4,05 - 2025,,
3,1.5,05 - 2025,12306.33,10455.38
3,1.6,05 - 2025,,
3,1.7,05 - 2025,159449.05,220554.39
3,1.8,05 - 2025,,1045.07
3,2.1.1,05 - 2025,317613.8,243570.92
3,2.1.2,05 - 2025,2109.46,3023.11
3,2.1.3,05 - 2025,192786.91,248146.68
3,2.1.4,05 - 2025,43407.19,53843.08
3,2.1.5,05 - 2025,15935.87,
3,2.1.6,05 - 2025,,6523.86
3,2.1.7,05 - 2025,16371.31,15970.22
3,2.2.1,05 - 2025,52326.79,65969.97
3,2.2.2,05 - 2025,20100.16,9395.87
3,2.3,05 - 2025,12475.9,8504.23
3,1.1.1,06 - 2025,824248.86,788034.46
3,1.1.2,06 - 2025,253680.1,389362.54
3,1.1.3,06 - 2025,44345.93,58876.97
3,1.1.4,06 - 2025,88686.3,111340.45
3,1.2.1,06 - 2025,211772.59,274130.2
3,1.2.2,06 - 2025,6963.76,7460.26
3,1.3,06 - 2025,171315.56,69820.86
3,1.4,06 - 2025,,
3,1.5,06 - 2025,8659.07,14000.45
3,1.6,06 - 2025,,
3,1.7,06 - 2025,204136.44,102144.09
3,1.8,06 - 2025,1333.72,980.68
3,2.1.1,06 - 2025,308414.89,248959.14
3,2.1.2,06 - 2025,259.46,2407.53
3,2.1.3,06 - 2025,105784.02,153409.4
3,2.1.4,06 - 2025,16449.76,21125.84
3,2.1.5,06 - 2025,38047.72,87881.4
3,2.1.6,06 - 2025,,26654.28
3,2.1.7,06 - 2025,18039.75,26571.77
3,2.2.1,06 - 2025,64931.42,68360.89
3,2.2.2,06 - 2025,3208.0,26268.98
3,2.3,06 - 2025,15102.38,12107.85
4,1.1.1,05 - 2024,1697859.63,1488440.75
4,1.1.2,05 - 2024,816834.87,709944.05
4,1.1.3,05 - 2024,53795.7,24882.97
4,1.1.4,05 - 2024,99996.57,60782.46
4,1.2.1,05 - 2024,277656.54,206139.27
4,1.2.2,05 - 2024,8847.6,18281.27
4,1.3,05 - 2024,140712.94,59084.92
4,1.4,05 - 2024,,
4,1.5,05 - 2024,14878.15,22858.04
4,1.6,05 - 2024,,
4,1.7,05 - 2024,243998.08,148798.29
4,1.8,05 - 2024,3689.55,
4,2.1.1,05 - 2024,337274.5,279530.22
4,2.1.2,05 - 2024,,1182.43
4,2.1.3,05 - 2024,15256.56,125753.3
4,2.1.4,05 - 2024,90629.31,35164.31
4,2.1.5,05 - 2024,7300.1,28316.64
4,2.1.6,05 - 2024,,3762.22
4,2.1.7,05 - 2024,11807.16,18184.74
4,2.2.1,05 - 2024,154958.34,115751.17
4,2.2.2,05 - 2024,15539.53,26203.03
4,2.3,05 - 2024,4194.85,16591.6
4,1.1.1,06 - 2024,1548061.72,1284784.48
4,1.1.2,06 - 2024,668728.18,635837.81
4,1.1.3,06 - 2024,42076.07,43107.12
4,1.1.4,06 - 2024,81938.95,60888.19
4,1.2.1,06 - 2024,413562.22,387323.93
4,1.2.2,06 - 2024,10564.01,20234.73
4,1.3,06 - 2024,59606.17,35087.05
4,1.4,06 - 2024,,
4,1.5,06 - 2024,15032.67,17773.92
4,1.6,06 - 2024,,
4,1.7,06 - 2024,222477.98,160338.31
4,1.8,06 - 2024,6203.32,
4,2.1.1,06 - 2024,360813.05,297180.29
4,2.1.2,06 - 2024,,1332.61
4,2.1.3,06 - 2024,57477.04,98490.78
4,2.1.4,06 - 2024,41869.01,18791.49
4,2.1.5,06 - 2024,37170.27,40046.57
4,2.1.6,06 - 2024,1246.21,3742.39
4,2.1.7,06 - 2024,12759.18,11708.04
4,2.2.1,06 - 2024,140376.95,173791.26
4,2.2.2,06 - 2024,20061.5,13868.91
4,2.3,06 - 2024,15855.98,16294.44
4,1.1.1,05 - 2025,1788615.02,907765.06
4,1.1.2,05 - 2025,534913.85,398714.95
4,1.1.3,05 - 2025,60350.1,60392.22
4,1.1.4,05 - 2025,65707.99,73603.21
4,1.2.1,05 - 2025,285545.75,391624.5
4,1.2.2,05 - 2025,8607.9,11875.27
4,1.3,05 - 2025,86399.58,78636.56
4,1.4,05 - 2025,,
4,1.5,05 - 2025,18073.76,24954.18
4,1.6,05 - 2025,0.47,
4,1.7,05 - 2025,298395.32,344780.71
4,1.8,05 - 2025,2218.03,
4,2.1.1,05 - 2025,325259.32,550507.4
4,2.1.2,05 - 2025,1767.97,
4,2.1.3,05 - 2025,148938.98,120575.99
4,2.1.4,05 - 2025,39183.55,52110.06
4,2.1.5,05 - 2025,14876.18,24358.69
4,2.1.6,05 - 2025,,4515.15
4,2.1.7,05 - 2025,,13797.71
4,2.2.1,05 - 2025,114499.1,95316.16
4,2.2.2,05 - 2025,27855.35,14952.15
4,2.3,05 - 2025,6697.07,16990.46
4,1.1.1,06 - 2025,1476738.32,1705956.82
4,1.1.2,06 - 2025,333807.98,533891.79
4,1.1.3,06 - 2025,28392.08,46856.34
4,1.1.4,06 - 2025,56451.2,81286.35
4,1.2.1,06 - 2025,272757.89,331813.66
4,1.2.2,06 - 2025,15006.69,5641.48
4,1.3,06 - 2025,185323.12,104903.44
4,1.4,06 - 2025,,
4,1.5,06 - 2025,17283.14,19968.89
4,1.6,06 - 2025,1.19,
4,1.7,06 - 2025,297251.18,172311.3
4,1.8,06 - 2025,3010.91,
4,2.1.1,06 - 2025,238849.88,206436.86
4,2.1.2,06 - 2025,2318.81,
4,2.1.3,06 - 2025,150444.95,110957.81
4,2.1.4,06 - 2025,40026.79,53635.54
4,2.1.5,06 - 2025,87336.17,26927.15
4,2.1.6,06 - 2025,4108.46,4006.58
4,2.1.7,06 - 2025,270.78,14472.22
4,2.2.1,06 - 2025,67570.58,113663.19
4,2.2.2,06 - 2025,31588.45,12309.57
4,2.3,06 - 2025,10184.48,17862.87
5,1.1.1,05 - 2024,2212685.9,1922305.77
5,1.1.2,05 - 2024,473942.76,535382.14
5,1.1.3,05 - 2024,84460.03,111232.82
5,1.1.4,05 - 2024,75275.07,134987.23
5,1.2.1,05 - 2024,614190.58,615803.0
5,1.2.2,05 - 2024,19956.58,21211.85
5,1.3,05 - 2024,363883.2,429095.28
5,1.4,05 - 2024,,
5,1.5,05 - 2024,13861.91,20130.3
5,1.6,05 - 2024,,
5,1.7,05 - 2024,352801.19,405286.52
5,1.8,05 - 2024,2532.12,
5,2.1.1,05 - 2024,569833.61,442567.66
5,2.1.2,05 - 2024,763.26,4243.85
5,2.1.3,05 - 2024,179616.52,332271.7
5,2.1.4,05 - 2024,63992.13,41290.81
5,2.1.5,05 - 2024,84362.39,69274.29
5,2.1.6,05 - 2024,6456.97,19675.69
5,2.1.7,05 - 2024,29842.88,32327.77
5,2.2.1,05 - 2024,163929.33,168115.15
5,2.2.2,05 - 2024,17695.17,12201.52
5,2.3,05 - 2024,682.91,9580.67
5,1.1.1,06 - 2024,1631845.78,1159013.36
5,1.1.2,06 - 2024,461653.77,740765.43
5,1.1.3,06 - 2024,84174.59,99388.92
5,1.1.4,06 - 2024,84630.01,139309.43
5,1.2.1,06 - 2024,412105.77,451029.36
5,1.2.2,06 - 2024,30970.34,40982.37
5,1.3,06 - 2024,462258.96,243910.62
5,1.4,06 - 2024,,
5,1.5,06 - 2024,15063.09,19631.99
5,1.6,06 - 2024,,
5,1.7,06 - 2024,375809.51,333900.53
5,1.8,06 - 2024,6846.17,
5,2.1.1,06 - 2024,436020.67,331250.26
5,2.1.2,06 - 2024,3578.58,5517.63
5,2.1.3,06 - 2024,-84670.92,129939.78
5,2.1.4,06 - 2024,46359.68,44027.48
5,2.1.5,06 - 2024,43351.9,66145.86
5,2.1.6,06 - 2024,-752.34,21706.55
5,2.1.7,06 - 2024,22805.25,27497.5
5,2.2.1,06 - 2024,71458.65,145504.16
5,2.2.2,06 - 2024,6166.48,12212.69
5,2.3,06 - 2024,8492.65,7348.42
5,1.1.1,05 - 2025,1192744.83,1405399.1
5,1.1.2,05 - 2025,370106.8,380494.23
5,1.1.3,05 - 2025,89854.38,41607.88
5,1.1.4,05 - 2025,145932.98,88133.92
5,1.2.1,05 - 2025,448486.6,465330.94
5,1.2.2,05 - 2025,54370.74,27893.21
5,1.3,05 - 2025,293304.07,337599.11
5,1.4,05 - 2025,,
5,1.5,05 - 2025,18412.72,20150.57
5,1.6,05 - 2025,,
5,1.7,05 - 2025,441537.88,356979.14
5,1.8,05 - 2025,2438.27,7991.72
5,2.1.1,05 - 2025,417070.47,305545.03
5,2.1.2,05 - 2025,4132.45,1695.84
5,2.1.3,05 - 2025,196643.04,183888.89
5,2.1.4,05 - 2025,95811.2,84179.94
5,2.1.5,05 - 2025,53377.01,116846.46
5,2.1.6,05 - 2025,-1116.66,29920.44
5,2.1.7,05 - 2025,27371.74,40298.63
5,2.2.1,05 - 2025,111226.94,138663.06
5,2.2.2,05 - 2025,12919.55,14686.58
5,2.3,05 - 2025,8796.21,523.15
5,1.1.1,06 - 2025,1523386.44,1285593.93
5,1.1.2,06 - 2025,631113.09,525557.44
5,1.1.3,06 - 2025,54351.36,66891.58
5,1.1.4,06 - 2025,119558.81,113416.64
5,1.2.1,06 - 2025,497957.14,614380.54
5,1.2.2,06 - 2025,36168.77,42046.72
5,1.3,06 - 2025,250940.39,343958.51
5,1.4,06 - 2025,,
5,1.5,06 - 2025,20884.64,17574.5
5,1.6,06 - 2025,,
5,1.7,06 - 2025,237238.81,456026.96
5,1.8,06 - 2025,3466.66,17291.01
5,2.1.1,06 - 2025,417992.17,430040.48
5,2.1.2,06 - 2025,3117.79,7674.07
5,2.1.3,06 - 2025,73661.45,-122600.39
5,2.1.4,06 - 2025,37564.77,31801.56
5,2.1.5,06 - 2025,35973.29,53245.26
5,2.1.6,06 - 2025,-1303.9,-6057.76
5,2.1.7,06 - 2025,27170.2,23981.5
5,2.2.1,06 - 2025,95584.26,94712.96
5,2.2.2,06 - 2025,9403.75,6901.32
5,2.3,06 - 2025,12563.76,11875.9
6,1.1.1,05 - 2024,980559.09,601504.92
6,1.1.2,05 - 2024,286073.8,247117.05
6,1.1.3,05 - 2024,46725.64,40649.89
6,1.1.4,05 - 2024,64153.46,47271.27
6,1.2.1,05 - 2024,379230.39,219380.67
6,1.2.2,05 - 2024,8634.2,15770.67
6,1.3,05 - 2024,83844.23,70213.84
6,1.4,05 - 2024,,
6,1.5,05 - 2024,19478.91,17503.21
6,1.6,05 - 2024,,
6,1.7,05 - 2024,204347.2,148726.07
6,1.8,05 - 2024,352.27,272.68
6,2.1.1,05 - 2024,186078.32,226752.81
6,2.1.2,05 - 2024,,
6,2.1.3,05 - 2024,53333.73,145461.93
6,2.1.4,05 - 2024,46276.65,18144.61
6,2.1.5,05 - 2024,63143.23,73978.39
6,2.1.6,05 - 2024,9832.79,5886.18
6,2.1.7,05 - 2024,34069.65,26443.22
6,2.2.1,05 - 2024,85126.86,90377.12
6,2.2.2,05 - 2024,31873.05,19852.97
6,2.3,05 - 2024,626.84,3444.23
6,1.1.1,06 - 2024,1137788.95,640993.26
6,1.1.2,06 - 2024,344142.76,323527.92
6,1.1.3,06 - 2024,30558.45,34792.44
6,1.1.4,06 - 2024,52945.47,40469.17
6,1.2.1,06 - 2024,239172.43,234365.85
6,1.2.2,06 - 2024,13245.83,11352.41
6,1.3,06 - 2024,85532.88,134112.86
6,1.4,06 - 2024,,
6,1.5,06 - 2024,18138.07,19258.79
6,1.6,06 - 2024,,
6,1.7,06 - 2024,177729.67,145612.85
6,1.8,06 - 2024,192.94,293.94
6,2.1.1,06 - 2024,59890.62,69017.93
6,2.1.2,06 - 2024,,
6,2.1.3,06 - 2024,2294.77,
6,2.1.4,06 - 2024,62038.03,33119.99
6,2.1.5,06 - 2024,35774.53,36257.3
6,2.1.6,06 - 2024,,
6,2.1.7,06 - 2024,18670.12,39326.9
6,2.2.1,06 - 2024,72111.31,119916.69
6,2.2.2,06 - 2024,11934.95,15525.31
6,2.3,06 - 2024,4071.54,3907.15
6,1.1.1,05 - 2025,1406041.63,1074252.7
6,1.1.2,05 - 2025,237071.99,211963.05
6,1.1.3,05 - 2025,21370.4,51385.63
6,1.1.4,05 - 2025,43982.57,55756.97
6,1.2.1,05 - 2025,382030.78,452547.01
6,1.2.2,05 - 2025,11236.77,10389.52
6,1.3,05 - 2025,101309.43,74601.7
6,1.4,05 - 2025,,
6,1.5,05 - 2025,15812.39,34771.15
6,1.6,05 - 2025,,
6,1.7,05 - 2025,125714.47,197814.84
6,1.8,05 - 2025,324.71,330.09
6,2.1.1,05 - 2025,157586.41,195679.46
6,2.1.2,05 - 2025,,
6,2.1.3,05 - 2025,118704.52,80733.1
6,2.1.4,05 - 2025,28959.85,42220.6
6,2.1.5,05 - 2025,2037.55,67544.29
6,2.1.6,05 - 2025,,9277.31
6,2.1.7,05 - 2025,26241.02,29660.82
6,2.2.1,05 - 2025,70868.02,89195.89
6,2.2.2,05 - 2025,14204.44,36916.46
6,2.3,05 - 2025,2026.37,1197.67
6,1.1.1,06 - 2025,1129879.77,1031013.46
6,1.1.2,06 - 2025,158478.04,208539.63
6,1.1.3,06 - 2025,33806.93,33654.08
6,1.1.4,06 - 2025,40234.33,42695.64
6,1.2.1,06 - 2025,214791.02,373166.57
6,1.2.2,06 - 2025,20427.98,10630.47
6,1.3,06 - 2025,63472.58,67479.76
6,1.4,06 - 2025,,
6,1.5,06 - 2025,10876.62,21060.38
6,1.6,06 - 2025,,
6,1.7,06 - 2025,172739.51,145874.48
6,1.8,06 - 2025,723.38,141.03
6,2.1.1,06 - 2025,13797.6,45218.82
6,2.1.2,06 - 2025,,
6,2.1.3,06 - 2025,58325.55,2081.21
6,2.1.4,06 - 2025,79531.2,71876.41
6,2.1.5,06 - 2025,79440.34,23225.95
6,2.1.6,06 - 2025,,
6,2.1.7,06 - 2025,22464.74,25174.65
6,2.2.1,06 - 2025,65361.29,82184.98
6,2.2.2,06 - 2025,8810.28,13503.48
6,2.3,06 - 2025,8372.6,6471.31
7,1.1.1,05 - 2024,1803058.14,1175196.94
7,1.1.2,05 - 2024,430288.56,430744.86
7,1.1.3,05 - 2024,70293.78,75109.79
7,1.1.4,05 - 2024,105957.95,97445.81
7,1.2.1,05 - 2024,590803.91,254326.95
7,1.2.2,05 - 2024,19787.84,14833.08
7,1.3,05 - 2024,640231.92,674248.91
7,1.4,05 - 2024,,
7,1.5,05 - 2024,27242.57,32234.41
7,1.6,05 - 2024,,
7,1.7,05 - 2024,406309.36,259118.42
7,1.8,05 - 2024,794.92,1622.54
7,2.1.1,05 - 2024,429344.61,417457.47
7,2.1.2,05 - 2024,,
7,2.1.3,05 - 2024,126200.24,259932.98
7,2.1.4,05 - 2024,57216.28,67456.91
7,2.1.5,05 - 2024,8406.76,105423.08
7,2.1.6,05 - 2024,6017.85,19555.15
7,2.1.7,05 - 2024,27956.64,22457.22
7,2.2.1,05 - 2024,140146.06,130220.54
7,2.2.2,05 - 2024,16740.49,22503.85
7,2.3,05 - 2024,1911.6,7922.31
7,1.1.1,06 - 2024,1591344.57,1001609.37
7,1.1.2,06 - 2024,428482.91,482926.59
7,1.1.3,06 - 2024,68219.54,70069.21
7,1.1.4,06 - 2024,50452.14,91965.83
7,1.2.1,06 - 2024,424121.55,257211.22
7,1.2.2,06 - 2024,23347.91,14943.34
7,1.3,06 - 2024,456955.13,493313.33
7,1.4,06 - 2024,,
7,1.5,06 - 2024,27212.98,54146.69
7,1.6,06 - 2024,,
7,1.7,06 - 2024,211491.82,339649.38
7,1.8,06 - 2024,11177.96,12344.68
7,2.1.1,06 - 2024,322751.92,246653.65
7,2.1.2,06 - 2024,,
7,2.1.3,06 - 2024,21228.04,34153.32
7,2.1.4,06 - 2024,105784.65,99488.5
7,2.1.5,06 - 2024,109114.16,44162.38
7,2.1.6,06 - 2024,,
7,2.1.7,06 - 2024,31088.35,23857.24
7,2.2.1,06 - 2024,143779.02,193599.66
7,2.2.2,06 - 2024,40520.24,61832.99
7,2.3,06 - 2024,6508.15,11288.67
7,1.1.1,05 - 2025,1599379.93,1598137.3
7,1.1.2,05 - 2025,594354.71,297195.92
7,1.1.3,05 - 2025,47798.47,72941.61
7,1.1.4,05 - 2025,110838.69,70275.46
7,1.2.1,05 - 2025,361454.29,406778.69
7,1.2.2,05 - 2025,23751.33,28169.09
7,1.3,05 - 2025,377190.43,515311.9
7,1.4,05 - 2025,,
7,1.5,05 - 2025,28325.43,48751.95
7,1.6,05 - 2025,,
7,1.7,05 - 2025,310911.63,210141.93
7,1.8,05 - 2025,14972.64,4200.53
7,2.1.1,05 - 2025,251471.92,296400.51
7,2.1.2,05 - 2025,,
7,2.1.3,05 - 2025,278049.11,134774.0
7,2.1.4,05 - 2025,71044.47,93964.28
7,2.1.5,05 - 2025,-11088.54,9066.03
7,2.1.6,05 - 2025,,57710.93
7,2.1.7,05 - 2025,60971.46,28341.55
7,2.2.1,05 - 2025,105300.62,161525.73
7,2.2.2,05 - 2025,16723.28,21615.24
7,2.3,05 - 2025,19906.43,1654.58
7,1.1.1,06 - 2025,933147.83,1620696.79
7,1.1.2,06 - 2025,358971.07,396406.39
7,1.1.3,06 - 2025,92320.02,74267.51
7,1.1.4,06 - 2025,92596.52,97376.27
7,1.2.1,06 - 2025,437934.38,261352.45
7,1.2.2,06 - 2025,29181.17,36181.8
7,1.3,06 - 2025,349166.57,1001175.89
7,1.4,06 - 2025,,
7,1.5,06 - 2025,43626.95,43017.51
7,1.6,06 - 2025,,
7,1.7,06 - 2025,324619.47,180738.47
7,1.8,06 - 2025,969.85,55827.39
7,2.1.1,06 - 2025,358341.88,323210.68
7,2.1.2,06 - 2025,,
7,2.1.3,06 - 2025,,27426.21
7,2.1.4,06 - 2025,76809.65,96967.54
7,2.1.5,06 - 2025,42676.5,186793.89
7,2.1.6,06 - 2025,,
7,2.1.7,06 - 2025,14173.16,21363.75
7,2.2.1,06 - 2025,57778.54,140547.46
7,2.2.2,06 - 2025,6868.16,39886.32
7,2.3,06 - 2025,12799.77,5313.11
8,1.1.1,05 - 2024,1397902.59,1757302.71
8,1.1.2,05 - 2024,534700.07,547047.52
8,1.1.3,05 - 2024,26096.06,28889.26
8,1.1.4,05 - 2024,107613.02,127695.19
8,1.2.1,05 - 2024,464240.94,308141.04
8,1.2.2,05 - 2024,13850.52,8846.15
8,1.3,05 - 2024,52942.0,23525.03
8,1.4,05 - 2024,,
8,1.5,05 - 2024,21413.9,20862.88
8,1.6,05 - 2024,,
8,1.7,05 - 2024,167176.61,226456.64
8,1.8,05 - 2024,1474.53,440.65
8,2.1.1,05 - 2024,305885.1,342901.39
8,2.1.2,05 - 2024,1718.12,382.77
8,2.1.3,05 - 2024,136135.52,135214.28
8,2.1.4,05 - 2024,100094.94,37098.83
8,2.1.5,05 - 2024,41801.71,51870.23
8,2.1.6,05 - 2024,2226.49,
8,2.1.7,05 - 2024,25339.96,25625.68
8,2.2.1,05 - 2024,104543.11,60446.61
8,2.2.2,05 - 2024,2996.42,18325.72
8,2.3,05 - 2024,3229.09,7652.57
8,1.1.1,06 - 2024,2039819.41,2104861.81
8,1.1.2,06 - 2024,536372.34,467999.81
8,1.1.3,06 - 2024,31130.93,48452.84
8,1.1.4,06 - 2024,105627.97,64052.51
8,1.2.1,06 - 2024,550384.55,319726.69
8,1.2.2,06 - 2024,13891.82,24843.53
8,1.3,06 - 2024,59544.46,20536.64
8,1.4,06 - 2024,,
8,1.5,06 - 2024,31846.74,16525.31
8,1.6,06 - 2024,,
8,1.7,06 - 2024,243028.46,340476.78
8,1.8,06 - 2024,1526.24,422.06
8,2.1.1,06 - 2024,427993.11,404724.28
8,2.1.2,06 - 2024,1277.72,689.19
8,2.1.3,06 - 2024,115259.24,185694.45
8,2.1.4,06 - 2024,60132.3,71528.23
8,2.1.5,06 - 2024,7354.02,16089.44
8,2.1.6,06 - 2024,,
8,2.1.7,06 - 2024,15733.13,34410.87
8,2.2.1,06 - 2024,50371.38,71706.48
8,2.2.2,06 - 2024,15076.26,16485.73
8,2.3,06 - 2024,7573.85,6504.95
8,1.1.1,05 - 2025,1504467.84,1821386.92
8,1.1.2,05 - 2025,306115.6,544873.35
8,1.1.3,05 - 2025,36407.05,43368.61
8,1.1.4,05 - 2025,132131.62,75155.78
8,1.2.1,05 - 2025,392583.11,290366.12
8,1.2.2,05 - 2025,3825.55,21344.47
8,1.3,05 - 2025,24448.25,69183.69
8,1.4,05 - 2025,,
8,1.5,05 - 2025,29458.28,22227.95
8,1.6,05 - 2025,,
8,1.7,05 - 2025,263690.38,341075.48
8,1.8,05 - 2025,49332.49,1480.77
8,2.1.1,05 - 2025,545636.46,377353.95
8,2.1.2,05 - 2025,623.29,798.0
8,2.1.3,05 - 2025,110959.64,171173.38
8,2.1.4,05 - 2025,119116.82,79875.27
8,2.1.5,05 - 2025,24408.38,35541.99
8,2.1.6,05 - 2025,,3776.4
8,2.1.7,05 - 2025,32977.18,22730.06
8,2.2.1,05 - 2025,111367.83,74548.05
8,2.2.2,05 - 2025,11287.0,3733.17
8,2.3,05 - 2025,7875.01,2467.19
8,1.1.1,06 - 2025,1963539.32,1214412.81
8,1.1.2,06 - 2025,530095.32,303614.9
8,1.1.3,06 - 2025,46115.22,51318.0
8,1.1.4,06 - 2025,75144.61,60031.61
8,1.2.1,06 - 2025,496537.35,443348.67
8,1.2.2,06 - 2025,1581.67,11164.4
8,1.3,06 - 2025,32823.28,46542.28
8,1.4,06 - 2025,,
8,1.5,06 - 2025,27700.5,21407.48
8,1.6,06 - 2025,,
8,1.7,06 - 2025,340249.69,307077.62
8,1.8,06 - 2025,34247.16,2122.85
8,2.1.1,06 - 2025,216139.51,410256.09
8,2.1.2,06 - 2025,607.52,1036.64
8,2.1.3,06 - 2025,141091.09,218825.79
8,2.1.4,06 - 2025,74711.63,48987.86
8,2.1.5,06 - 2025,64345.96,24539.61
8,2.1.6,06 - 2025,,3397.78
8,2.1.7,06 - 2025,15574.59,27204.42
8,2.2.1,06 - 2025,48259.67,53314.2
8,2.2.2,06 - 2025,6338.41,15939.84
8,2.3,06 - 2025,11025.46,12363.15
9,1.1.1,05 - 2024,464229.41,680916.1
9,1.1.2,05 - 2024,199216.25,147095.24
9,1.1.3,05 - 2024,18899.99,12830.99
9,1.1.4,05 - 2024,65148.72,32753.83
9,1.2.1,05 - 2024,,
9,1.2.2,05 - 2024,,
9,1.3,05 - 2024,,
9,1.4,05 - 2024,,
9,1.5,05 - 2024,15994.62,11462.62
9,1.6,05 - 2024,,
9,1.7,05 - 2024,148219.51,109934.27
9,1.8,05 - 2024,399.07,432.03
9,2.1.1,05 - 2024,223419.56,181309.98
9,2.1.2,05 - 2024,1100.48,1888.05
9,2.1.3,05 - 2024,48095.56,55095.14
9,2.1.4,05 - 2024,20694.89,10186.15
9,2.1.5,05 - 2024,31810.74,
9,2.1.6,05 - 2024,,
9,2.1.7,05 - 2024,6952.33,2332.4
9,2.2.1,05 - 2024,44459.21,102803.99
9,2.2.2,05 - 2024,1550.22,1784.05
9,2.3,05 - 2024,1104.7,2595.71
9,1.1.1,06 - 2024,879650.02,478061.21
9,1.1.2,06 - 2024,154057.78,252012.11
9,1.1.3,06 - 2024,11243.03,15553.19
9,1.1.4,06 - 2024,44802.97,57174.8
9,1.2.1,06 - 2024,,
9,1.2.2,06 - 2024,,
9,1.3,06 - 2024,,
9,1.4,06 - 2024,,
9,1.5,06 - 2024,9265.66,12747.32
9,1.6,06 - 2024,,
9,1.7,06 - 2024,174390.13,122070.94
9,1.8,06 - 2024,572.74,182.5
9,2.1.1,06 - 2024,181719.4,128591.14
9,2.1.2,06 - 2024,1599.15,1893.63
9,2.1.3,06 - 2024,2802.52,
9,2.1.4,06 - 2024,22729.22,9436.92
9,2.1.5,06 - 2024,19955.37,
9,2.1.6,06 - 2024,,
9,2.1.7,06 - 2024,1362.26,3040.83
9,2.2.1,06 - 2024,57692.09,26002.91
9,2.2.2,06 - 2024,,1542.49
9,2.3,06 - 2024,2228.1,2557.5
9,1.1.1,05 - 2025,569729.48,589675.6
9,1.1.2,05 - 2025,267286.27,233431.38
9,1.1.3,05 - 2025,10797.9,18101.32
9,1.1.4,05 - 2025,65770.68,41472.39
9,1.2.1,05 - 2025,,
9,1.2.2,05 - 2025,,
9,1.3,05 - 2025,,
9,1.4,05 - 2025,,
9,1.5,05 - 2025,13735.52,13172.26
9,1.6,05 - 2025,,
9,1.7,05 - 2025,138681.86,95097.74
9,1.8,05 - 2025,1693.97,515.12
9,2.1.1,05 - 2025,137614.2,179584.16
9,2.1.2,05 - 2025,1525.25,873.29
9,2.1.3,05 - 2025,36745.48,52894.28
9,2.1.4,05 - 2025,20251.49,17201.18
9,2.1.5,05 - 2025,34696.2,31726.9
9,2.1.6,05 - 2025,,
9,2.1.7,05 - 2025,3543.23,6284.66
9,2.2.1,05 - 2025,37307.04,77878.9
9,2.2.2,05 - 2025,835.18,1162.62
9,2.3,05 - 2025,1495.93,1090.6
9,1.1.1,06 - 2025,625451.67,849865.42
9,1.1.2,06 - 2025,102098.2,194611.41
9,1.1.3,06 - 2025,12993.33,16472.36
9,1.1.4,06 - 2025,60220.63,37580.07
9,1.2.1,06 - 2025,0.01,
9,1.2.2,06 - 2025,,
9,1.3,06 - 2025,1654.52,
9,1.4,06 - 2025,,
9,1.5,06 - 2025,11028.3,12005.45
9,1.6,06 - 2025,,
9,1.7,06 - 2025,120994.45,102258.13
9,1.8,06 - 2025,2202.17,557.53
9,2.1.1,06 - 2025,169078.35,209373.24
9,2.1.2,06 - 2025,1713.06,1162.14
9,2.1.3,06 - 2025,89339.84,1798.07
9,2.1.4,06 - 2025,40660.1,35881.38
9,2.1.5,06 - 2025,22651.78,9647.71
9,2.1.6,06 - 2025,,
9,2.1.7,06 - 2025,6630.49,625.49
9,2.2.1,06 - 2025,57691.09,46002.88
9,2.2.2,06 - 2025,8076.16,
9,2.3,06 - 2025,2737.15,2727.24
10,1.1.1,05 - 2024,873434.14,1265437.89
10,1.1.2,05 - 2024,154793.87,232117.62
10,1.1.3,05 - 2024,328981.89,179892.91
10,1.1.4,05 - 2024,91223.78,95395.34
10,1.2.1,05 - 2024,,
10,1.2.2,05 - 2024,,
10,1.3,05 - 2024,63460.39,
10,1.4,05 - 2024,,
10,1.5,05 - 2024,,
10,1.6,05 - 2024,,
10,1.7,05 - 2024,281344.52,195721.36
10,1.8,05 - 2024,250.99,523.06
10,2.1.1,05 - 2024,165876.88,162314.01
10,2.1.2,05 - 2024,,
10,2.1.3,05 - 2024,15288.05,2180.31
10,2.1.4,05 - 2024,96692.55,143681.9
10,2.1.5,05 - 2024,38466.32,43546.18
10,2.1.6,05 - 2024,319.73,
10,2.1.7,05 - 2024,5783.15,1365.47
10,2.2.1,05 - 2024,62222.36,32871.81
10,2.2.2,05 - 2024,80954.8,71761.61
10,2.3,05 - 2024,3835.85,2069.99
10,1.1.1,06 - 2024,871166.71,1163461.89
10,1.1.2,06 - 2024,321067.06,187528.28
10,1.1.3,06 - 2024,215975.41,336398.86
10,1.1.4,06 - 2024,79339.85,67424.27
10,1.2.1,06 - 2024,,
10,1.2.2,06 - 2024,,
10,1.3,06 - 2024,33021.47,54362.49
10,1.4,06 - 2024,,
10,1.5,06 - 2024,,
10,1.6,06 - 2024,,
10,1.7,06 - 2024,139774.22,52761.18
10,1.8,06 - 2024,369.82,443.42
10,2.1.1,06 - 2024,208006.64,141515.65
10,2.1.2,06 - 2024,,
10,2.1.3,06 - 2024,,24278.17
10,2.1.4,06 - 2024,83398.52,150589.58
10,2.1.5,06 - 2024,56361.29,6131.02
10,2.1.6,06 - 2024,,4491.44
10,2.1.7,06 - 2024,4938.74,5387.79
10,2.2.1,06 - 2024,26357.47,69152.86
10,2.2.2,06 - 2024,83275.1,101100.01
10,2.3,06 - 2024,2278.79,929.81
10,1.1.1,05 - 2025,1290404.64,801912.79
10,1.1.2,05 - 2025,255989.63,216245.66
10,1.1.3,05 - 2025,181332.29,149846.49
10,1.1.4,05 - 2025,52042.87,78301.65
10,1.2.1,05 - 2025,71044.83,41652.82
10,1.2.2,05 - 2025,4829.64,3046.43
10,1.3,05 - 2025,19207.11,17513.06
10,1.4,05 - 2025,,
10,1.5,05 - 2025,,
10,1.6,05 - 2025,,
10,1.7,05 - 2025,270609.3,174852.09
10,1.8,05 - 2025,841.5,2044.16
10,2.1.1,05 - 2025,226697.75,305011.02
10,2.1.2,05 - 2025,,
10,2.1.3,05 - 2025,,24286.0
10,2.1.4,05 - 2025,91850.09,130426.16
10,2.1.5,05 - 2025,48317.69,49015.36
10,2.1.6,05 - 2025,,10288.29
10,2.1.7,05 - 2025,10453.18,6560.42
10,2.2.1,05 - 2025,63846.81,96566.69
10,2.2.2,05 - 2025,79142.98,106082.18
10,2.3,05 - 2025,1054.38,3868.95
10,1.1.1,06 - 2025,766995.07,619667.39
10,1.1.2,06 - 2025,144384.35,170976.32
10,1.1.3,06 - 2025,149861.38,233287.68
10,1.1.4,06 - 2025,49510.98,82595.99
10,1.2.1,06 - 2025,103612.61,57000.13
10,1.2.2,06 - 2025,5235.85,2474.98
10,1.3,06 - 2025,33297.01,20838.42
10,1.4,06 - 2025,,
10,1.5,06 - 2025,,
10,1.6,06 - 2025,,
10,1.7,06 - 2025,114956.92,166623.17
10,1.8,06 - 2025,544.41,3607.58
10,2.1.1,06 - 2025,205372.49,170630.64
10,2.1.2,06 - 2025,,
10,2.1.3,06 - 2025,1640.36,
10,2.1.4,06 - 2025,56718.07,158950.51
10,2.1.5,06 - 2025,39640.54,40676.23
10,2.1.6,06 - 2025,,
10,2.1.7,06 - 2025,10040.75,9013.22
10,2.2.1,06 - 2025,67451.35,39763.98
10,2.2.2,06 - 2025,62954.62,106302.56
10,2.3,06 - 2025,2253.16,2590.4
11,1.1.1,05 - 2024,559350.82,356608.0
11,1.1.2,05 - 2024,176074.26,115371.93
11,1.1.3,05 - 2024,96384.81,87338.0
11,1.1.4,05 - 2024,51507.94,31512.09
11,1.2.1,05 - 2024,68309.59,88624.86
11,1.2.2,05 - 2024,4410.46,5816.72
11,1.3,05 - 2024,,
11,1.4,05 - 2024,,
11,1.5,05 - 2024,,
11,1.6,05 - 2024,,
11,1.7,05 - 2024,81200.09,95652.95
11,1.8,05 - 2024,184.87,321.65
11,2.1.1,05 - 2024,128506.51,186564.22
11,2.1.2,05 - 2024,,125.24
11,2.1.3,05 - 2024,10436.29,
11,2.1.4,05 - 2024,70564.48,
11,2.1.5,05 - 2024,25913.26,
11,2.1.6,05 - 2024,389.02,
11,2.1.7,05 - 2024,2059.5,
11,2.2.1,05 - 2024,44491.0,24178.27
11,2.2.2,05 - 2024,40423.59,38542.94
11,2.3,05 - 2024,703.34,
11,1.1.1,06 - 2024,442491.77,580003.14
11,1.1.2,06 - 2024,143269.78,189044.59
11,1.1.3,06 - 2024,73798.89,122575.33
11,1.1.4,06 - 2024,61764.94,56471.05
11,1.2.1,06 - 2024,89845.84,69491.47
11,1.2.2,06 - 2024,6922.14,8010.89
11,1.3,06 - 2024,,
11,1.4,06 - 2024,,
11,1.5,06 - 2024,,
11,1.6,06 - 2024,,
11,1.7,06 - 2024,142398.97,143045.94
11,1.8,06 - 2024,14629.84,330.68
11,2.1.1,06 - 2024,111220.87,228206.18
11,2.1.2,06 - 2024,,
11,2.1.3,06 - 2024,5994.91,
11,2.1.4,06 - 2024,64158.07,
11,2.1.5,06 - 2024,19232.6,
11,2.1.6,06 - 2024,1558.04,
11,2.1.7,06 - 2024,7531.14,
11,2.2.1,06 - 2024,28790.84,49541.26
11,2.2.2,06 - 2024,54379.18,32092.09
11,2.3,06 - 2024,,
11,1.1.1,05 - 2025,474391.78,650508.51
11,1.1.2,05 - 2025,130335.62,165291.61
11,1.1.3,05 - 2025,126166.62,94250.12
11,1.1.4,05 - 2025,76367.6,60657.87
11,1.2.1,05 - 2025,55159.76,40876.54
11,1.2.2,05 - 2025,3834.17,3451.49
11,1.3,05 - 2025,732.05,
11,1.4,05 - 2025,,
11,1.5,05 - 2025,,
11,1.6,05 - 2025,,
11,1.7,05 - 2025,138144.52,108868.26
11,1.8,05 - 2025,292.22,305.78
11,2.1.1,05 - 2025,104797.75,195471.15
11,2.1.2,05 - 2025,172.63,46.33
11,2.1.3,05 - 2025,8726.27,9291.86
11,2.1.4,05 - 2025,46702.0,39413.99
11,2.1.5,05 - 2025,20695.96,7734.99
11,2.1.6,05 - 2025,842.98,634.28
11,2.1.7,05 - 2025,540.99,4739.3
11,2.2.1,05 - 2025,29247.98,38865.75
11,2.2.2,05 - 2025,30915.45,58100.32
11,2.3,05 - 2025,,712.22
11,1.1.1,06 - 2025,474960.03,434962.98
11,1.1.2,06 - 2025,148518.6,141521.49
11,1.1.3,06 - 2025,144074.04,118780.09
11,1.1.4,06 - 2025,46511.24,67055.85
11,1.2.1,06 - 2025,44300.3,42560.17
11,1.2.2,06 - 2025,2279.23,2118.91
11,1.3,06 - 2025,,
11,1.4,06 - 2025,,
11,1.5,06 - 2025,,
11,1.6,06 - 2025,,
11,1.7,06 - 2025,112379.55,153754.81
11,1.8,06 - 2025,486.76,28775.17
11,2.1.1,06 - 2025,165127.83,137314.67
11,2.1.2,06 - 2025,,
11,2.1.3,06 - 2025,14818.59,10291.71
11,2.1.4,06 - 2025,52266.1,79621.8
11,2.1.5,06 - 2025,17299.59,20990.67
11,2.1.6,06 - 2025,1517.35,2019.43
11,2.1.7,06 - 2025,1186.99,6105.97
11,2.2.1,06 - 2025,25252.05,54361.85
11,2.2.2,06 - 2025,46970.26,30790.54
11,2.3,06 - 2025,,
12,1.1.1,05 - 2024,860570.58,1397470.36
12,1.1.2,05 - 2024,413294.86,593506.82
12,1.1.3,05 - 2024,55199.39,58110.23
12,1.1.4,05 - 2024,65737.45,102173.07
12,1.2.1,05 - 2024,,
12,1.2.2,05 - 2024,,
12,1.3,05 - 2024,65117.61,115981.7
12,1.4,05 - 2024,,
12,1.5,05 - 2024,,
12,1.6,05 - 2024,32367.63,42740.94
12,1.7,05 - 2024,149986.96,186214.68
12,1.8,05 - 2024,1513.95,20793.56
12,2.1.1,05 - 2024,289549.17,378760.09
12,2.1.2,05 - 2024,2555.61,1777.89
12,2.1.3,05 - 2024,105343.73,50625.89
12,2.1.4,05 - 2024,55220.08,25038.7
12,2.1.5,05 - 2024,1910.48,30810.89
12,2.1.6,05 - 2024,,
12,2.1.7,05 - 2024,3438.74,2829.98
12,2.2.1,05 - 2024,87276.88,137769.16
12,2.2.2,05 - 2024,19463.66,33370.36
12,2.3,05 - 2024,1213.19,3262.8
12,1.1.1,06 - 2024,1899767.22,1820795.8
12,1.1.2,06 - 2024,502984.17,467732.07
12,1.1.3,06 - 2024,63014.32,91428.32
12,1.1.4,06 - 2024,55775.9,59129.39
12,1.2.1,06 - 2024,,
12,1.2.2,06 - 2024,,
12,1.3,06 - 2024,150777.66,125224.38
12,1.4,06 - 2024,,
12,1.5,06 - 2024,7510.12,
12,1.6,06 - 2024,51772.88,35062.18
12,1.7,06 - 2024,296966.5,247980.15
12,1.8,06 - 2024,2180.98,23984.12
12,2.1.1,06 - 2024,269068.17,323919.16
12,2.1.2,06 - 2024,4047.47,3279.18
12,2.1.3,06 - 2024,47621.72,3203.51
12,2.1.4,06 - 2024,41658.22,28218.02
12,2.1.5,06 - 2024,86000.33,37434.76
12,2.1.6,06 - 2024,13823.25,
12,2.1.7,06 - 2024,5641.01,3335.53
12,2.2.1,06 - 2024,112785.2,91244.62
12,2.2.2,06 - 2024,12693.92,12892.72
12,2.3,06 - 2024,841.11,2002.7
12,1.1.1,05 - 2025,1830765.22,1359933.02
12,1.1.2,05 - 2025,317251.98,297694.34
12,1.1.3,05 - 2025,81891.11,100161.17
12,1.1.4,05 - 2025,55735.37,85486.15
12,1.2.1,05 - 2025,,
12,1.2.2,05 - 2025,,
12,1.3,05 - 2025,107572.77,103560.21
12,1.4,05 - 2025,,
12,1.5,05 - 2025,33262.51,20116.42
12,1.6,05 - 2025,43074.66,32813.77
12,1.7,05 - 2025,151460.77,224214.95
12,1.8,05 - 2025,9985.57,7984.05
12,2.1.1,05 - 2025,234277.09,385709.67
12,2.1.2,05 - 2025,2629.08,2466.8
12,2.1.3,05 - 2025,61484.34,193843.13
12,2.1.4,05 - 2025,89763.53,75824.29
12,2.1.5,05 - 2025,41837.55,26667.01
12,2.1.6,05 - 2025,,
12,2.1.7,05 - 2025,6103.84,5959.26
12,2.2.1,05 - 2025,146960.4,127901.57
12,2.2.2,05 - 2025,34434.5,19039.6
12,2.3,05 - 2025,3844.78,1781.72
12,1.1.1,06 - 2025,1768368.71,1116484.2
12,1.1.2,06 - 2025,325508.81,589691.05
12,1.1.3,06 - 2025,46185.22,98498.96
12,1.1.4,06 - 2025,108840.62,110168.39
12,1.2.1,06 - 2025,,
12,1.2.2,06 - 2025,,
12,1.3,06 - 2025,71940.81,139198.49
12,1.4,06 - 2025,,
12,1.5,06 - 2025,22031.47,18854.53
12,1.6,06 - 2025,27007.7,28221.66
12,1.7,06 - 2025,203395.73,152673.9
12,1.8,06 - 2025,1695.26,2651.84
12,2.1.1,06 - 2025,199598.08,235292.75
12,2.1.2,06 - 2025,2679.75,3043.55
12,2.1.3,06 - 2025,119099.9,53400.54
12,2.1.4,06 - 2025,47154.7,44438.64
12,2.1.5,06 - 2025,152139.17,42836.47
12,2.1.6,06 - 2025,24106.8,34165.52
12,2.1.7,06 - 2025,2452.68,8071.46
12,2.2.1,06 - 2025,81761.94,121636.86
12,2.2.2,06 - 2025,14997.13,17553.09
12,2.3,06 - 2025,1693.97,2311.24
13,1.1.1,05 - 2024,431478.69,797524.58
13,1.1.2,05 - 2024,142372.86,212224.29
13,1.1.3,05 - 2024,17400.7,16797.11
13,1.1.4,05 - 2024,46003.01,32529.91
13,1.2.1,05 - 2024,352690.42,497736.2
13,1.2.2,05 - 2024,8826.72,8283.2
13,1.3,05 - 2024,90176.41,47254.17
13,1.4,05 - 2024,,11021.86
13,1.5,05 - 2024,10680.29,11510.98
13,1.6,05 - 2024,,
13,1.7,05 - 2024,109686.93,79152.85
13,1.8,05 - 2024,77237.75,45756.96
13,2.1.1,05 - 2024,177056.53,139803.17
13,2.1.2,05 - 2024,3842.27,3974.71
13,2.1.3,05 - 2024,44827.55,52997.82
13,2.1.4,05 - 2024,33260.73,46002.18
13,2.1.5,05 - 2024,7974.49,44625.71
13,2.1.6,05 - 2024,,
13,2.1.7,05 - 2024,16230.52,13717.47
13,2.2.1,05 - 2024,64823.02,82169.28
13,2.2.2,05 - 2024,3088.7,8861.35
13,2.3,05 - 2024,1313.98,3097.38
13,1.1.1,06 - 2024,374732.45,679975.95
13,1.1.2,06 - 2024,211811.47,223907.89
13,1.1.3,06 - 2024,15882.61,18749.42
13,1.1.4,06 - 2024,31907.05,48342.47
13,1.2.1,06 - 2024,352603.55,269728.25
13,1.2.2,06 - 2024,8741.98,16552.36
13,1.3,06 - 2024,71602.05,31090.46
13,1.4,06 - 2024,,6956.99
13,1.5,06 - 2024,9387.13,12233.24
13,1.6,06 - 2024,,
13,1.7,06 - 2024,119565.03,62729.41
13,1.8,06 - 2024,47322.52,77453.98
13,2.1.1,06 - 2024,110503.49,110807.64
13,2.1.2,06 - 2024,4159.53,2195.63
13,2.1.3,06 - 2024,45369.8,29244.52
13,2.1.4,06 - 2024,18473.01,33236.24
13,2.1.5,06 - 2024,52436.02,33538.26
13,2.1.6,06 - 2024,,
13,2.1.7,06 - 2024,14244.26,14332.52
13,2.2.1,06 - 2024,31084.58,56852.7
13,2.2.2,06 - 2024,3170.3,7858.92
13,2.3,06 - 2024,1487.58,2103.34
13,1.1.1,05 - 2025,605927.19,640723.18
13,1.1.2,05 - 2025,143692.76,177871.46
13,1.1.3,05 - 2025,6930.26,7477.04
13,1.1.4,05 - 2025,21321.22,41662.65
13,1.2.1,05 - 2025,468624.75,531569.52
13,1.2.2,05 - 2025,9576.66,6148.36
13,1.3,05 - 2025,111762.11,98857.93
13,1.4,05 - 2025,,5472.63
13,1.5,05 - 2025,4459.08,13036.82
13,1.6,05 - 2025,,
13,1.7,05 - 2025,118121.35,76863.89
13,1.8,05 - 2025,40825.99,53905.73
13,2.1.1,05 - 2025,245779.55,195226.85
13,2.1.2,05 - 2025,4603.11,5257.87
13,2.1.3,05 - 2025,27286.44,42926.97
13,2.1.4,05 - 2025,44696.54,33541.81
13,2.1.5,05 - 2025,15639.96,27143.18
13,2.1.6,05 - 2025,,139.13
13,2.1.7,05 - 2025,21960.27,28423.79
13,2.2.1,05 - 2025,30923.37,42202.08
13,2.2.2,05 - 2025,3458.18,7652.56
13,2.3,05 - 2025,873.58,2898.29
13,1.1.1,06 - 2025,483304.32,398567.26
13,1.1.2,06 - 2025,134367.81,120243.97
13,1.1.3,06 - 2025,9082.24,9491.16
13,1.1.4,06 - 2025,16966.61,34036.87
13,1.2.1,06 - 2025,460570.43,590045.92
13,1.2.2,06 - 2025,4032.29,8880.18
13,1.3,06 - 2025,33923.09,85275.19
13,1.4,06 - 2025,251.83,4727.55
13,1.5,06 - 2025,5318.04,5656.24
13,1.6,06 - 2025,,
13,1.7,06 - 2025,54607.87,112494.52
13,1.8,06 - 2025,68160.96,43405.05
13,2.1.1,06 - 2025,254485.94,123317.39
13,2.1.2,06 - 2025,2913.15,4979.75
13,2.1.3,06 - 2025,27870.19,55838.32
13,2.1.4,06 - 2025,26956.67,30996.74
13,2.1.5,06 - 2025,17689.77,15418.16
13,2.1.6,06 - 2025,,93.5
13,2.1.7,06 - 2025,18420.22,13702.14
13,2.2.1,06 - 2025,45578.29,38405.09
13,2.2.2,06 - 2025,545.46,6459.76
13,2.3,06 - 2025,1160.67,2411.97
14,1.1.1,05 - 2024,829160.63,774944.83
14,1.1.2,05 - 2024,307211.59,466657.59
14,1.1.3,05 - 2024,39009.75,54114.08
14,1.1.4,05 - 2024,97299.06,159474.72
14,1.2.1,05 - 2024,151086.01,94083.99
14,1.2.2,05 - 2024,593.08,1568.78
14,1.3,05 - 2024,355667.84,653353.84
14,1.4,05 - 2024,,
14,1.5,05 - 2024,109028.57,132925.63
14,1.6,05 - 2024,,
14,1.7,05 - 2024,192162.76,135900.8
14,1.8,05 - 2024,793.46,4783.1
14,2.1.1,05 - 2024,294595.06,493019.94
14,2.1.2,05 - 2024,1401.55,1254.32
14,2.1.3,05 - 2024,90481.18,104747.01
14,2.1.4,05 - 2024,60873.59,67577.81
14,2.1.5,05 - 2024,51707.73,60680.69
14,2.1.6,05 - 2024,,3191.61
14,2.1.7,05 - 2024,441.04,4219.79
14,2.2.1,05 - 2024,128677.09,66670.84
14,2.2.2,05 - 2024,14364.69,13492.16
14,2.3,05 - 2024,3913.8,1158.17
14,1.1.1,06 - 2024,944640.16,1704501.94
14,1.1.2,06 - 2024,239836.98,296584.31
14,1.1.3,06 - 2024,37199.21,40073.06
14,1.1.4,06 - 2024,46917.8,70985.88
14,1.2.1,06 - 2024,258704.88,118418.45
14,1.2.2,06 - 2024,848.28,735.84
14,1.3,06 - 2024,659328.53,525813.41
14,1.4,06 - 2024,,
14,1.5,06 - 2024,118538.39,148348.28
14,1.6,06 - 2024,,
14,1.7,06 - 2024,305265.2,141783.0
14,1.8,06 - 2024,660.48,721.04
14,2.1.1,06 - 2024,361493.64,252127.47
14,2.1.2,06 - 2024,4586.43,1381.95
14,2.1.3,06 - 2024,98704.48,76470.32
14,2.1.4,06 - 2024,87033.45,61733.31
14,2.1.5,06 - 2024,127444.4,77066.53
14,2.1.6,06 - 2024,,2329.21
14,2.1.7,06 - 2024,5069.01,7300.3
14,2.2.1,06 - 2024,106529.4,111770.21
14,2.2.2,06 - 2024,18513.05,23952.41
14,2.3,06 - 2024,2650.93,701.92
14,1.1.1,05 - 2025,1295599.68,1398239.84
14,1.1.2,05 - 2025,353822.37,495103.51
14,1.1.3,05 - 2025,35508.34,58032.24
14,1.1.4,05 - 2025,63887.15,57971.31
14,1.2.1,05 - 2025,189938.81,204827.59
14,1.2.2,05 - 2025,2789.26,1593.35
14,1.3,05 - 2025,748448.74,567394.88
14,1.4,05 - 2025,,
14,1.5,05 - 2025,106464.37,159660.94
14,1.6,05 - 2025,,
14,1.7,05 - 2025,308849.34,315724.59
14,1.8,05 - 2025,219.56,634.17
14,2.1.1,05 - 2025,349840.7,486470.52
14,2.1.2,05 - 2025,1577.82,2068.5
14,2.1.3,05 - 2025,31692.49,91977.67
14,2.1.4,05 - 2025,26498.32,68083.34
14,2.1.5,05 - 2025,9921.73,79563.07
14,2.1.6,05 - 2025,,19140.93
14,2.1.7,05 - 2025,13186.01,10596.24
14,2.2.1,05 - 2025,82304.77,65664.41
14,2.2.2,05 - 2025,17749.08,16156.1
14,2.3,05 - 2025,3992.91,1722.13
14,1.1.1,06 - 2025,1717052.77,1379325.9
14,1.1.2,06 - 2025,182748.49,270506.77
14,1.1.3,06 - 2025,47917.38,36856.58
14,1.1.4,06 - 2025,83121.67,44325.34
14,1.2.1,06 - 2025,233785.4,277488.05
14,1.2.2,06 - 2025,1132.6,1071.01
14,1.3,06 - 2025,308377.72,719534.74
14,1.4,06 - 2025,,
14,1.5,06 - 2025,109840.83,120811.87
14,1.6,06 - 2025,,
14,1.7,06 - 2025,167782.69,283084.33
14,1.8,06 - 2025,593.4,602.27
14,2.1.1,06 - 2025,535030.53,273264.55
14,2.1.2,06 - 2025,308.47,1723.12
14,2.1.3,06 - 2025,135135.4,57943.5
14,2.1.4,06 - 2025,84076.97,103992.36
14,2.1.5,06 - 2025,4916.58,74909.77
14,2.1.6,06 - 2025,,
14,2.1.7,06 - 2025,2448.43,5964.63
14,2.2.1,06 - 2025,55216.59,56647.64
14,2.2.2,06 - 2025,7668.22,22317.55
14,2.3,06 - 2025,1223.67,1661.99
15,1.1.1,05 - 2024,699993.36,708586.53
15,1.1.2,05 - 2024,215173.77,280721.93
15,1.1.3,05 - 2024,13722.52,16537.23
15,1.1.4,05 - 2024,39994.63,32905.03
15,1.2.1,05 - 2024,292703.8,610230.21
15,1.2.2,05 - 2024,7987.19,5216.48
15,1.3,05 - 2024,82929.38,106422.84
15,1.4,05 - 2024,,
15,1.5,05 - 2024,73093.31,50382.23
15,1.6,05 - 2024,19833.92,9416.91
15,1.7,05 - 2024,126125.4,72736.41
15,1.8,05 - 2024,482.33,15634.67
15,2.1.1,05 - 2024,264250.78,261170.5
15,2.1.2,05 - 2024,2411.84,166.73
15,2.1.3,05 - 2024,99777.49,51846.02
15,2.1.4,05 - 2024,39667.72,36536.64
15,2.1.5,05 - 2024,7544.81,17868.22
15,2.1.6,05 - 2024,,
15,2.1.7,05 - 2024,21708.74,31470.22
15,2.2.1,05 - 2024,22960.17,29256.13
15,2.2.2,05 - 2024,1240.75,6965.14
15,2.3,05 - 2024,8402.25,3537.55
15,1.1.1,06 - 2024,867734.43,701422.8
15,1.1.2,06 - 2024,233784.72,283185.92
15,1.1.3,06 - 2024,16608.31,22056.4
15,1.1.4,06 - 2024,37922.59,33366.67
15,1.2.1,06 - 2024,287015.14,544291.68
15,1.2.2,06 - 2024,8461.18,4724.02
15,1.3,06 - 2024,199623.59,134863.13
15,1.4,06 - 2024,,
15,1.5,06 - 2024,51309.87,83830.01
15,1.6,06 - 2024,10294.51,7844.01
15,1.7,06 - 2024,103181.6,91161.91
15,1.8,06 - 2024,791.85,30248.33
15,2.1.1,06 - 2024,260055.53,347902.85
15,2.1.2,06 - 2024,874.17,77.44
15,2.1.3,06 - 2024,102533.55,29677.7
15,2.1.4,06 - 2024,32193.78,39530.53
15,2.1.5,06 - 2024,14797.24,93705.61
15,2.1.6,06 - 2024,,
15,2.1.7,06 - 2024,8252.94,12713.31
15,2.2.1,06 - 2024,17474.78,44274.5
15,2.2.2,06 - 2024,1560.48,3049.81
15,2.3,06 - 2024,1838.76,453.15
15,1.1.1,05 - 2025,864914.67,546033.71
15,1.1.2,05 - 2025,213875.23,215743.77
15,1.1.3,05 - 2025,12406.73,11572.33
15,1.1.4,05 - 2025,21675.9,42290.49
15,1.2.1,05 - 2025,477641.41,421333.16
15,1.2.2,05 - 2025,5601.94,4295.5
15,1.3,05 - 2025,139895.54,122607.28
15,1.4,05 - 2025,,
15,1.5,05 - 2025,45009.71,62442.78
15,1.6,05 - 2025,17229.27,10145.14
15,1.7,05 - 2025,131137.22,81653.04
15,1.8,05 - 2025,520.81,331.59
15,2.1.1,05 - 2025,251933.15,196306.35
15,2.1.2,05 - 2025,2049.02,3389.69
15,2.1.3,05 - 2025,98320.48,132454.54
15,2.1.4,05 - 2025,62939.13,59081.7
15,2.1.5,05 - 2025,95549.82,9880.65
15,2.1.6,05 - 2025,,
15,2.1.7,05 - 2025,9104.33,11761.06
15,2.2.1,05 - 2025,27180.47,31495.68
15,2.2.2,05 - 2025,6957.89,909.01
15,2.3,05 - 2025,2698.14,7482.73
15,1.1.1,06 - 2025,637429.56,422335.57
15,1.1.2,06 - 2025,124353.94,116340.57
15,1.1.3,06 - 2025,14600.7,15512.88
15,1.1.4,06 - 2025,31955.0,38200.59
15,1.2.1,06 - 2025,413908.4,276083.99
15,1.2.2,06 - 2025,2482.9,9561.78
15,1.3,06 - 2025,126188.51,222764.14
15,1.4,06 - 2025,,
15,1.5,06 - 2025,34807.23,52833.9
15,1.6,06 - 2025,9353.57,14953.15
15,1.7,06 - 2025,104781.08,123364.29
15,1.8,06 - 2025,669.1,592.76
15,2.1.1,06 - 2025,329664.93,198364.14
15,2.1.2,06 - 2025,945.0,1270.03
15,2.1.3,06 - 2025,37358.27,111458.87
15,2.1.4,06 - 2025,94641.13,44797.31
15,2.1.5,06 - 2025,16594.32,18541.38
15,2.1.6,06 - 2025,,
15,2.1.7,06 - 2025,11909.37,5728.09
15,2.2.1,06 - 2025,38154.54,18494.36
15,2.2.2,06 - 2025,3357.86,1401.33
15,2.3,06 - 2025,1499.7,1013.63
16,1.1.1,05 - 2024,1425827.7,1164020.02
16,1.1.2,05 - 2024,418551.02,291490.0
16,1.1.3,05 - 2024,94844.48,31527.38
16,1.1.4,05 - 2024,72199.22,96143.93
16,1.2.1,05 - 2024,184363.15,203764.36
16,1.2.2,05 - 2024,5757.88,14225.84
16,1.3,05 - 2024,188548.21,243269.2
16,1.4,05 - 2024,,
16,1.5,05 - 2024,41630.4,49227.84
16,1.6,05 - 2024,,
16,1.7,05 - 2024,227035.92,196297.48
16,1.8,05 - 2024,610.67,7686.06
16,2.1.1,05 - 2024,448271.34,297133.83
16,2.1.2,05 - 2024,7609.82,7785.86
16,2.1.3,05 - 2024,,104354.97
16,2.1.4,05 - 2024,67430.46,29752.3
16,2.1.5,05 - 2024,37732.04,37888.58
16,2.1.6,05 - 2024,,
16,2.1.7,05 - 2024,14835.4,17271.7
16,2.2.1,05 - 2024,94945.98,74787.89
16,2.2.2,05 - 2024,11291.53,21923.81
16,2.3,05 - 2024,3170.71,3711.81
16,1.1.1,06 - 2024,1958793.43,1165072.11
16,1.1.2,06 - 2024,541550.38,311828.22
16,1.1.3,06 - 2024,48063.96,42285.31
16,1.1.4,06 - 2024,78806.84,83812.01
16,1.2.1,06 - 2024,330370.54,320105.6
16,1.2.2,06 - 2024,12081.71,25318.0
16,1.3,06 - 2024,72481.78,131191.72
16,1.4,06 - 2024,,
16,1.5,06 - 2024,50979.42,40435.64
16,1.6,06 - 2024,,
16,1.7,06 - 2024,160307.54,147597.75
16,1.8,06 - 2024,36627.48,11980.61
16,2.1.1,06 - 2024,347224.83,252596.27
16,2.1.2,06 - 2024,1972.64,4487.65
16,2.1.3,06 - 2024,125995.89,122013.06
16,2.1.4,06 - 2024,72957.83,37706.48
16,2.1.5,06 - 2024,43685.87,19795.23
16,2.1.6,06 - 2024,-3724.8,
16,2.1.7,06 - 2024,4694.13,27039.65
16,2.2.1,06 - 2024,68674.57,80290.17
16,2.2.2,06 - 2024,40987.55,27218.79
16,2.3,06 - 2024,6188.34,3770.04
16,1.1.1,05 - 2025,1075726.21,1350616.61
16,1.1.2,05 - 2025,393952.61,335359.22
16,1.1.3,05 - 2025,22583.41,72968.1
16,1.1.4,05 - 2025,64583.19,61692.09
16,1.2.1,05 - 2025,343511.82,284003.42
16,1.2.2,05 - 2025,11081.77,9969.64
16,1.3,05 - 2025,110032.75,199094.44
16,1.4,05 - 2025,,
16,1.5,05 - 2025,27028.24,46312.72
16,1.6,05 - 2025,,
16,1.7,05 - 2025,116275.46,138914.92
16,1.8,05 - 2025,9416.99,
16,2.1.1,05 - 2025,367164.92,258431.5
16,2.1.2,05 - 2025,1742.3,5761.08
16,2.1.3,05 - 2025,100228.01,
16,2.1.4,05 - 2025,64278.95,32352.91
16,2.1.5,05 - 2025,27772.82,24410.83
16,2.1.6,05 - 2025,,
16,2.1.7,05 - 2025,22535.3,18823.86
16,2.2.1,05 - 2025,91966.91,86607.54
16,2.2.2,05 - 2025,10388.89,13738.47
16,2.3,05 - 2025,7839.83,4180.22
16,1.1.1,06 - 2025,1171951.56,1075746.27
16,1.1.2,06 - 2025,179547.36,469329.49
16,1.1.3,06 - 2025,21624.51,92968.73
16,1.1.4,06 - 2025,56399.32,95111.61
16,1.2.1,06 - 2025,247192.73,376988.73
16,1.2.2,06 - 2025,6155.31,14313.05
16,1.3,06 - 2025,117707.83,135370.05
16,1.4,06 - 2025,,
16,1.5,06 - 2025,28643.39,47072.59
16,1.6,06 - 2025,,
16,1.7,06 - 2025,178800.11,158924.04
16,1.8,06 - 2025,5005.92,
16,2.1.1,06 - 2025,229182.33,325132.38
16,2.1.2,06 - 2025,3324.76,3290.39
16,2.1.3,06 - 2025,240344.68,178323.72
16,2.1.4,06 - 2025,38471.27,57657.12
16,2.1.5,06 - 2025,46329.69,53440.33
16,2.1.6,06 - 2025,,-3334.42
16,2.1.7,06 - 2025,14819.9,4946.77
16,2.2.1,06 - 2025,49143.21,101658.48
16,2.2.2,06 - 2025,17316.22,18631.08
16,2.3,06 - 2025,12418.45,6435.38
17,1.1.1,05 - 2024,1277597.35,894368.03
17,1.1.2,05 - 2024,411227.3,372487.06
17,1.1.3,05 - 2024,57345.39,66937.56
17,1.1.4,05 - 2024,96410.74,48885.92
17,1.2.1,05 - 2024,355107.56,458043.83
17,1.2.2,05 - 2024,11098.93,485.01
17,1.3,05 - 2024,177370.54,236222.04
17,1.4,05 - 2024,,
17,1.5,05 - 2024,15863.17,37242.62
17,1.6,05 - 2024,47278.67,58368.34
17,1.7,05 - 2024,246436.2,240107.77
17,1.8,05 - 2024,3626.72,11822.46
17,2.1.1,05 - 2024,293203.02,338873.2
17,2.1.2,05 - 2024,4373.69,3806.06
17,2.1.3,05 - 2024,215134.07,119314.75
17,2.1.4,05 - 2024,37708.64,30034.87
17,2.1.5,05 - 2024,77589.97,36757.1
17,2.1.6,05 - 2024,,
17,2.1.7,05 - 2024,37164.46,25089.0
17,2.2.1,05 - 2024,64143.66,56229.84
17,2.2.2,05 - 2024,33817.7,42676.64
17,2.3,05 - 2024,7564.46,5253.85
17,1.1.1,06 - 2024,800987.29,1667767.68
17,1.1.2,06 - 2024,220927.16,419484.45
17,1.1.3,06 - 2024,72151.31,102606.2
17,1.1.4,06 - 2024,70165.65,83370.21
17,1.2.1,06 - 2024,333127.91,624191.38
17,1.2.2,06 - 2024,23526.05,731.39
17,1.3,06 - 2024,207730.15,173544.08
17,1.4,06 - 2024,,
17,1.5,06 - 2024,16635.21,31236.94
17,1.6,06 - 2024,107658.08,
17,1.7,06 - 2024,217189.64,227944.4
17,1.8,06 - 2024,1912.68,2451.45
17,2.1.1,06 - 2024,565101.98,411633.05
17,2.1.2,06 - 2024,1585.83,2894.77
17,2.1.3,06 - 2024,215389.36,64556.77
17,2.1.4,06 - 2024,48613.13,30843.04
17,2.1.5,06 - 2024,44972.18,32126.6
17,2.1.6,06 - 2024,,
17,2.1.7,06 - 2024,44825.53,14476.03
17,2.2.1,06 - 2024,63189.02,60029.74
17,2.2.2,06 - 2024,25724.76,42389.88
17,2.3,06 - 2024,6645.27,9739.64
17,1.1.1,05 - 2025,1647616.59,1053550.47
17,1.1.2,05 - 2025,476672.41,354354.88
17,1.1.3,05 - 2025,93218.96,102041.18
17,1.1.4,05 - 2025,91871.3,119749.21
17,1.2.1,05 - 2025,489580.92,370563.03
17,1.2.2,05 - 2025,10097.99,16075.46
17,1.3,05 - 2025,258061.85,202472.93
17,1.4,05 - 2025,,
17,1.5,05 - 2025,23519.74,18007.06
17,1.6,05 - 2025,33760.68,26714.59
17,1.7,05 - 2025,291560.67,223962.42
17,1.8,05 - 2025,7587.99,13128.82
17,2.1.1,05 - 2025,238027.5,337720.73
17,2.1.2,05 - 2025,2558.01,8366.83
17,2.1.3,05 - 2025,148555.5,186344.92
17,2.1.4,05 - 2025,58052.99,68760.26
17,2.1.5,05 - 2025,37683.11,74683.23
17,2.1.6,05 - 2025,,
17,2.1.7,05 - 2025,14145.76,22322.76
17,2.2.1,05 - 2025,90614.09,52118.07
17,2.2.2,05 - 2025,32445.57,36922.35
17,2.3,05 - 2025,6135.92,11081.76
17,1.1.1,06 - 2025,939760.95,1624502.87
17,1.1.2,06 - 2025,200671.56,318520.17
17,1.1.3,06 - 2025,69415.68,80821.28
17,1.1.4,06 - 2025,58421.61,73224.13
17,1.2.1,06 - 2025,295159.57,490226.49
17,1.2.2,06 - 2025,19631.91,9338.3
17,1.3,06 - 2025,146885.85,156710.45
17,1.4,06 - 2025,,
17,1.5,06 - 2025,15888.84,18266.51
17,1.6,06 - 2025,,24910.44
17,1.7,06 - 2025,123849.98,246245.75
17,1.8,06 - 2025,6388.51,9237.84
17,2.1.1,06 - 2025,557235.37,557111.22
17,2.1.2,06 - 2025,2034.46,1350.57
17,2.1.3,06 - 2025,95900.73,166071.0
17,2.1.4,06 - 2025,59531.48,68930.27
17,2.1.5,06 - 2025,-14912.74,38825.13
17,2.1.6,06 - 2025,,
17,2.1.7,06 - 2025,24586.85,29177.3
17,2.2.1,06 - 2025,78456.71,55411.06
17,2.2.2,06 - 2025,30201.93,44242.23
17,2.3,06 - 2025,11327.89,5219.79
18,1.1.1,05 - 2024,1877472.99,1483210.42
18,1.1.2,05 - 2024,324356.5,394548.31
18,1.1.3,05 - 2024,47337.14,45217.25
18,1.1.4,05 - 2024,55039.18,71851.98
18,1.2.1,05 - 2024,228998.77,300217.03
18,1.2.2,05 - 2024,23542.74,22877.23
18,1.3,05 - 2024,144525.99,300099.74
18,1.4,05 - 2024,,
18,1.5,05 - 2024,46424.21,38331.44
18,1.6,05 - 2024,16361.76,2742.74
18,1.7,05 - 2024,220019.67,189456.95
18,1.8,05 - 2024,13533.37,1529.48
18,2.1.1,05 - 2024,420453.47,463777.59
18,2.1.2,05 - 2024,,2724.06
18,2.1.3,05 - 2024,95376.92,
18,2.1.4,05 - 2024,69141.39,25201.41
18,2.1.5,05 - 2024,,136687.14
18,2.1.6,05 - 2024,,
18,2.1.7,05 - 2024,16936.35,19565.21
18,2.2.1,05 - 2024,75001.61,204197.74
18,2.2.2,05 - 2024,13342.78,19417.87
18,2.3,05 - 2024,10573.99,13104.85
18,1.1.1,06 - 2024,1425756.99,1858435.69
18,1.1.2,06 - 2024,292922.58,370303.06
18,1.1.3,06 - 2024,39325.75,53432.88
18,1.1.4,06 - 2024,47137.73,95925.18
18,1.2.1,06 - 2024,300384.1,430321.66
18,1.2.2,06 - 2024,12016.88,18784.94
18,1.3,06 - 2024,303207.04,254681.7
18,1.4,06 - 2024,,
18,1.5,06 - 2024,16327.12,30235.8
18,1.6,06 - 2024,36028.4,25993.4
18,1.7,06 - 2024,130239.7,337095.32
18,1.8,06 - 2024,1220.03,983.05
18,2.1.1,06 - 2024,506291.13,529714.72
18,2.1.2,06 - 2024,,2615.03
18,2.1.3,06 - 2024,104200.18,162772.16
18,2.1.4,06 - 2024,30241.15,92694.67
18,2.1.5,06 - 2024,,16003.13
18,2.1.6,06 - 2024,,
18,2.1.7,06 - 2024,12375.75,10163.98
18,2.2.1,06 - 2024,106608.51,83332.13
18,2.2.2,06 - 2024,12319.01,21518.28
18,2.3,06 - 2024,8359.03,15778.1
18,1.1.1,05 - 2025,1111022.07,1326157.33
18,1.1.2,05 - 2025,245431.0,373685.32
18,1.1.3,05 - 2025,34172.27,27055.78
18,1.1.4,05 - 2025,48199.5,59235.63
18,1.2.1,05 - 2025,435299.48,486950.44
18,1.2.2,05 - 2025,22888.73,25120.39
18,1.3,05 - 2025,169665.79,177695.91
18,1.4,05 - 2025,,
18,1.5,05 - 2025,31344.89,29423.74
18,1.6,05 - 2025,21005.17,29628.02
18,1.7,05 - 2025,239633.61,237360.15
18,1.8,05 - 2025,2045.22,1393.97
18,2.1.1,05 - 2025,397695.59,282954.21
18,2.1.2,05 - 2025,,
18,2.1.3,05 - 2025,217008.02,132663.05
18,2.1.4,05 - 2025,23231.61,85917.47
18,2.1.5,05 - 2025,41790.82,
18,2.1.6,05 - 2025,,
18,2.1.7,05 - 2025,32322.69,18357.42
18,2.2.1,05 - 2025,99924.41,128258.98
18,2.2.2,05 - 2025,17632.47,18322.3
18,2.3,05 - 2025,11510.81,7941.42
18,1.1.1,06 - 2025,940621.98,854317.91
18,1.1.2,06 - 2025,373791.82,323886.18
18,1.1.3,06 - 2025,46763.46,53616.54
18,1.1.4,06 - 2025,62887.39,75460.34
18,1.2.1,06 - 2025,369717.48,466917.84
18,1.2.2,06 - 2025,10156.06,15672.2
18,1.3,06 - 2025,139663.26,312840.22
18,1.4,06 - 2025,,
18,1.5,06 - 2025,15010.75,30324.71
18,1.6,06 - 2025,23726.46,19863.55
18,1.7,06 - 2025,270965.79,193457.65
18,1.8,06 - 2025,1096.13,1730.29
18,2.1.1,06 - 2025,404194.81,450788.96
18,2.1.2,06 - 2025,,
18,2.1.3,06 - 2025,,92051.66
18,2.1.4,06 - 2025,68175.75,45598.09
18,2.1.5,06 - 2025,73.29,
18,2.1.6,06 - 2025,,
18,2.1.7,06 - 2025,16400.17,13507.31
18,2.2.1,06 - 2025,117783.5,53800.24
18,2.2.2,06 - 2025,17428.1,19807.34
18,2.3,06 - 2025,4716.1,10784.94
19,1.1.1,05 - 2024,828647.75,955422.77
19,1.1.2,05 - 2024,286165.75,200684.04
19,1.1.3,05 - 2024,17671.75,14906.27
19,1.1.4,05 - 2024,35775.78,40255.15
19,1.2.1,05 - 2024,573137.71,600736.46
19,1.2.2,05 - 2024,16110.14,23935.62
19,1.3,05 - 2024,79395.65,89712.14
19,1.4,05 - 2024,,
19,1.5,05 - 2024,38736.28,37664.24
19,1.6,05 - 2024,4808.35,7604.52
19,1.7,05 - 2024,155478.38,110428.86
19,1.8,05 - 2024,864.58,1268.08
19,2.1.1,05 - 2024,258904.05,180176.43
19,2.1.2,05 - 2024,1960.0,5746.68
19,2.1.3,05 - 2024,81062.65,61598.16
19,2.1.4,05 - 2024,49864.61,45693.06
19,2.1.5,05 - 2024,3997.14,47835.26
19,2.1.6,05 - 2024,,
19,2.1.7,05 - 2024,27237.17,48048.67
19,2.2.1,05 - 2024,67673.59,51359.22
19,2.2.2,05 - 2024,1898.59,4864.57
19,2.3,05 - 2024,442.85,2514.93
19,1.1.1,06 - 2024,1028251.58,1119590.46
19,1.1.2,06 - 2024,152083.79,311516.16
19,1.1.3,06 - 2024,12098.31,24417.04
19,1.1.4,06 - 2024,23025.99,64422.92
19,1.2.1,06 - 2024,550845.41,554288.57
19,1.2.2,06 - 2024,19114.7,21692.38
19,1.3,06 - 2024,80546.25,85903.8
19,1.4,06 - 2024,,
19,1.5,06 - 2024,36001.72,45819.0
19,1.6,06 - 2024,10244.74,7795.92
19,1.7,06 - 2024,122325.49,78700.16
19,1.8,06 - 2024,3237.63,686.79
19,2.1.1,06 - 2024,231660.71,452085.07
19,2.1.2,06 - 2024,4568.83,1544.87
19,2.1.3,06 - 2024,73087.74,458400.66
19,2.1.4,06 - 2024,37119.17,39255.06
19,2.1.5,06 - 2024,101109.56,29775.82
19,2.1.6,06 - 2024,1201.27,
19,2.1.7,06 - 2024,28220.88,23503.84
19,2.2.1,06 - 2024,68761.09,49537.7
19,2.2.2,06 - 2024,6398.89,2066.74
19,2.3,06 - 2024,571.96,844.13
19,1.1.1,05 - 2025,636067.88,575749.56
19,1.1.2,05 - 2025,194850.67,233115.49
19,1.1.3,05 - 2025,11829.52,14247.8
19,1.1.4,05 - 2025,33890.09,26943.49
19,1.2.1,05 - 2025,400111.5,425584.96
19,1.2.2,05 - 2025,19682.08,16608.5
19,1.3,05 - 2025,141030.85,56359.31
19,1.4,05 - 2025,,
19,1.5,05 - 2025,25646.99,28715.43
19,1.6,05 - 2025,2951.19,7220.07
19,1.7,05 - 2025,120101.6,133585.05
19,1.8,05 - 2025,734.5,945.69
19,2.1.1,05 - 2025,160136.03,200890.63
19,2.1.2,05 - 2025,3577.43,1503.82
19,2.1.3,05 - 2025,53174.49,60310.97
19,2.1.4,05 - 2025,41077.03,52513.0
19,2.1.5,05 - 2025,931.0,5608.56
19,2.1.6,05 - 2025,,
19,2.1.7,05 - 2025,10199.92,34043.55
19,2.2.1,05 - 2025,58825.74,37613.02
19,2.2.2,05 - 2025,1724.71,1279.51
19,2.3,05 - 2025,543.48,735.25
19,1.1.1,06 - 2025,602179.77,636782.68
19,1.1.2,06 - 2025,210507.9,146824.72
19,1.1.3,06 - 2025,10531.21,17987.09
19,1.1.4,06 - 2025,25010.17,38064.32
19,1.2.1,06 - 2025,493923.88,604790.69
19,1.2.2,06 - 2025,11858.34,20993.39
19,1.3,06 - 2025,210396.84,144035.93
19,1.4,06 - 2025,,
19,1.5,06 - 2025,29140.04,25079.79
19,1.6,06 - 2025,2968.22,7645.82
19,1.7,06 - 2025,124457.53,88232.81
19,1.8,06 - 2025,946.07,3461.6
19,2.1.1,06 - 2025,284536.63,252173.46
19,2.1.2,06 - 2025,2736.01,2509.74
19,2.1.3,06 - 2025,74969.61,48309.47
19,2.1.4,06 - 2025,54232.56,42618.32
19,2.1.5,06 - 2025,27198.4,91862.37
19,2.1.6,06 - 2025,-381.65,1444.42
19,2.1.7,06 - 2025,31348.51,23484.6
19,2.2.1,06 - 2025,32499.73,45925.87
19,2.2.2,06 - 2025,515.44,5129.84
19,2.3,06 - 2025,601.96,235.92
20,1.1.1,05 - 2024,1803016.54,1842882.39
20,1.1.2,05 - 2024,571540.85,671017.79
20,1.1.3,05 - 2024,63234.49,66458.65
20,1.1.4,05 - 2024,187693.74,73536.89
20,1.2.1,05 - 2024,569184.91,365075.84
20,1.2.2,05 - 2024,22329.97,45461.37
20,1.3,05 - 2024,160909.36,135049.95
20,1.4,05 - 2024,,
20,1.5,05 - 2024,63040.2,51921.29
20,1.6,05 - 2024,56513.33,47022.77
20,1.7,05 - 2024,287721.33,261982.57
20,1.8,05 - 2024,1700.91,898.4
20,2.1.1,05 - 2024,296544.49,579195.56
20,2.1.2,05 - 2024,4120.7,808.01
20,2.1.3,05 - 2024,,179608.43
20,2.1.4,05 - 2024,93656.84,47214.49
20,2.1.5,05 - 2024,106229.69,9255.79
20,2.1.6,05 - 2024,,
20,2.1.7,05 - 2024,39096.28,34845.29
20,2.2.1,05 - 2024,158520.94,192258.15
20,2.2.2,05 - 2024,16123.78,22882.56
20,2.3,05 - 2024,18771.25,16522.32
20,1.1.1,06 - 2024,2248707.43,1534583.66
20,1.1.2,06 - 2024,583014.53,792279.61
20,1.1.3,06 - 2024,77898.44,88142.71
20,1.1.4,06 - 2024,123989.55,111011.98
20,1.2.1,06 - 2024,404239.25,599778.91
20,1.2.2,06 - 2024,36463.15,38291.03
20,1.3,06 - 2024,71388.01,140769.28
20,1.4,06 - 2024,,
20,1.5,06 - 2024,75281.61,83980.09
20,1.6,06 - 2024,52408.97,41442.68
20,1.7,06 - 2024,194429.83,298150.04
20,1.8,06 - 2024,9662.49,1165.84
20,2.1.1,06 - 2024,387269.12,729524.81
20,2.1.2,06 - 2024,,880.92
20,2.1.3,06 - 2024,233285.77,135436.86
20,2.1.4,06 - 2024,110459.16,46445.16
20,2.1.5,06 - 2024,646.6,15436.71
20,2.1.6,06 - 2024,2417.8,
20,2.1.7,06 - 2024,26062.76,31837.8
20,2.2.1,06 - 2024,248015.77,237140.48
20,2.2.2,06 - 2024,17618.14,27717.38
20,2.3,06 - 2024,18237.51,20054.19
20,1.1.1,05 - 2025,2036899.77,1831557.4
20,1.1.2,05 - 2025,446542.95,600393.93
20,1.1.3,05 - 2025,73532.98,71736.61
20,1.1.4,05 - 2025,63094.19,170348.94
20,1.2.1,05 - 2025,447330.82,541192.6
20,1.2.2,05 - 2025,28448.29,22572.46
20,1.3,05 - 2025,155569.31,135918.04
20,1.4,05 - 2025,,
20,1.5,05 - 2025,50074.37,51032.42
20,1.6,05 - 2025,36951.21,52762.21
20,1.7,05 - 2025,294890.04,385130.22
20,1.8,05 - 2025,3605.21,1502.38
20,2.1.1,05 - 2025,273185.5,400984.02
20,2.1.2,05 - 2025,,7551.07
20,2.1.3,05 - 2025,279591.93,61928.88
20,2.1.4,05 - 2025,98669.31,147452.83
20,2.1.5,05 - 2025,74565.72,186877.8
20,2.1.6,05 - 2025,,
20,2.1.7,05 - 2025,17910.26,47154.48
20,2.2.1,05 - 2025,169262.06,284766.99
20,2.2.2,05 - 2025,18736.4,25659.11
20,2.3,05 - 2025,18928.79,19594.77
20,1.1.1,06 - 2025,1655265.62,1381512.38
20,1.1.2,06 - 2025,404163.1,676313.84
20,1.1.3,06 - 2025,52495.81,51069.81
20,1.1.4,06 - 2025,85458.1,171327.26
20,1.2.1,06 - 2025,482844.79,609661.05
20,1.2.2,06 - 2025,45067.98,39504.94
20,1.3,06 - 2025,100880.14,70910.66
20,1.4,06 - 2025,,
20,1.5,06 - 2025,54446.02,51696.69
20,1.6,06 - 2025,42518.37,30943.2
20,1.7,06 - 2025,203964.96,246572.21
20,1.8,06 - 2025,67210.39,4782.1
20,2.1.1,06 - 2025,225045.63,305030.13
20,2.1.2,06 - 2025,,4513.06
20,2.1.3,06 - 2025,,262330.52
20,2.1.4,06 - 2025,261831.24,112533.96
20,2.1.5,06 - 2025,108684.21,2023.9
20,2.1.6,06 - 2025,,2954.55
20,2.1.7,06 - 2025,4637.95,26812.62
20,2.2.1,06 - 2025,250303.77,321041.04
20,2.2.2,06 - 2025,17606.37,18905.99
20,2.3,06 - 2025,23086.38,15390.47
21,1.1.1,05 - 2024,287704.46,718395.17
21,1.1.2,05 - 2024,194549.31,183478.15
21,1.1.3,05 - 2024,53827.93,91655.25
21,1.1.4,05 - 2024,44511.99,35589.35
21,1.2.1,05 - 2024,36467.96,51149.17
21,1.2.2,05 - 2024,7.72,
21,1.3,05 - 2024,523193.4,590539.69
21,1.4,05 - 2024,,
21,1.5,05 - 2024,6355.3,2968.14
21,1.6,05 - 2024,17006.77,27293.61
21,1.7,05 - 2024,160043.11,118528.54
21,1.8,05 - 2024,833.71,825.92
21,2.1.1,05 - 2024,164372.59,137958.66
21,2.1.2,05 - 2024,5178.02,5742.65
21,2.1.3,05 - 2024,9707.67,25258.88
21,2.1.4,05 - 2024,51505.0,23528.54
21,2.1.5,05 - 2024,39523.0,82992.91
21,2.1.6,05 - 2024,,3985.81
21,2.1.7,05 - 2024,3072.64,4726.39
21,2.2.1,05 - 2024,36328.28,72658.77
21,2.2.2,05 - 2024,8760.93,50403.09
21,2.3,05 - 2024,304.08,5837.73
21,1.1.1,06 - 2024,324379.06,651805.75
21,1.1.2,06 - 2024,117322.14,220981.42
21,1.1.3,06 - 2024,69167.21,99565.12
21,1.1.4,06 - 2024,38116.23,26882.2
21,1.2.1,06 - 2024,92573.42,69296.49
21,1.2.2,06 - 2024,4.42,
21,1.3,06 - 2024,301958.25,411792.69
21,1.4,06 - 2024,,
21,1.5,06 - 2024,3041.76,4267.53
21,1.6,06 - 2024,11792.25,12964.45
21,1.7,06 - 2024,112605.22,112962.5
21,1.8,06 - 2024,1249.84,1102.66
21,2.1.1,06 - 2024,156609.17,101824.66
21,2.1.2,06 - 2024,5498.73,3174.33
21,2.1.3,06 - 2024,28394.47,22984.42
21,2.1.4,06 - 2024,36909.83,32154.5
21,2.1.5,06 - 2024,20276.24,30596.28
21,2.1.6,06 - 2024,,4608.74
21,2.1.7,06 - 2024,4518.08,6462.92
21,2.2.1,06 - 2024,32705.16,58924.61
21,2.2.2,06 - 2024,22412.79,28922.09
21,2.3,06 - 2024,3758.91,2233.88
21,1.1.1,05 - 2025,274351.45,313920.69
21,1.1.2,05 - 2025,68213.37,86861.93
21,1.1.3,05 - 2025,59362.8,57300.36
21,1.1.4,05 - 2025,54883.09,38146.25
21,1.2.1,05 - 2025,22377.59,47258.8
21,1.2.2,05 - 2025,239.7,7.32
21,1.3,05 - 2025,256847.48,431074.02
21,1.4,05 - 2025,,
21,1.5,05 - 2025,2.85,4642.19
21,1.6,05 - 2025,284.4,14053.77
21,1.7,05 - 2025,95032.41,85660.26
21,1.8,05 - 2025,2314.59,792.41
21,2.1.1,05 - 2025,106850.94,128542.19
21,2.1.2,05 - 2025,3134.65,4057.58
21,2.1.3,05 - 2025,22305.72,10980.95
21,2.1.4,05 - 2025,18386.18,35396.65
21,2.1.5,05 - 2025,18021.52,25776.74
21,2.1.6,05 - 2025,,
21,2.1.7,05 - 2025,93936.04,2177.21
21,2.2.1,05 - 2025,31156.19,64376.79
21,2.2.2,05 - 2025,57666.25,15641.57
21,2.3,05 - 2025,4686.21,387.89
21,1.1.1,06 - 2025,495222.93,556946.76
21,1.1.2,06 - 2025,74155.85,127671.09
21,1.1.3,06 - 2025,45469.62,81913.1
21,1.1.4,06 - 2025,34105.88,33874.19
21,1.2.1,06 - 2025,37819.91,75826.48
21,1.2.2,06 - 2025,461.32,3.62
21,1.3,06 - 2025,334112.27,397166.56
21,1.4,06 - 2025,,
21,1.5,06 - 2025,1.77,3218.1
21,1.6,06 - 2025,655.35,15113.76
21,1.7,06 - 2025,128173.54,106696.37
21,1.8,06 - 2025,540.31,1432.46
21,2.1.1,06 - 2025,122322.15,190498.17
21,2.1.2,06 - 2025,1698.82,6294.97
21,2.1.3,06 - 2025,26926.82,21540.32
21,2.1.4,06 - 2025,52459.15,26113.63
21,2.1.5,06 - 2025,18793.17,19255.5
21,2.1.6,06 - 2025,,
21,2.1.7,06 - 2025,2227.56,5946.68
21,2.2.1,06 - 2025,21131.72,36091.04
21,2.2.2,06 - 2025,6465.59,12919.56
21,2.3,06 - 2025,2202.68,3052.4
22,1.1.1,05 - 2024,692941.97,575790.85
22,1.1.2,05 - 2024,167211.23,252589.63
22,1.1.3,05 - 2024,10822.99,25437.95
22,1.1.4,05 - 2024,28931.2,36578.56
22,1.2.1,05 - 2024,101055.02,138262.79
22,1.2.2,05 - 2024,7431.8,4329.98
22,1.3,05 - 2024,19514.42,29251.43
22,1.4,05 - 2024,,
22,1.5,05 - 2024,11204.02,6347.93
22,1.6,05 - 2024,,
22,1.7,05 - 2024,79149.87,103419.21
22,1.8,05 - 2024,4135.84,328.01
22,2.1.1,05 - 2024,174141.05,166586.77
22,2.1.2,05 - 2024,10984.73,2504.99
22,2.1.3,05 - 2024,18308.1,33491.63
22,2.1.4,05 - 2024,12696.19,20940.52
22,2.1.5,05 - 2024,10595.59,20394.11
22,2.1.6,05 - 2024,,1493.05
22,2.1.7,05 - 2024,5890.59,9042.34
22,2.2.1,05 - 2024,58535.23,49120.85
22,2.2.2,05 - 2024,1335.45,4127.81
22,2.3,05 - 2024,1244.41,2272.21
22,1.1.1,06 - 2024,432196.6,666316.23
22,1.1.2,06 - 2024,113964.29,148927.54
22,1.1.3,06 - 2024,26069.18,15376.98
22,1.1.4,06 - 2024,34703.28,34128.41
22,1.2.1,06 - 2024,193629.76,176284.83
22,1.2.2,06 - 2024,9197.63,6304.29
22,1.3,06 - 2024,99626.96,45453.14
22,1.4,06 - 2024,,
22,1.5,06 - 2024,9715.54,6251.31
22,1.6,06 - 2024,,
22,1.7,06 - 2024,79539.85,86205.19
22,1.8,06 - 2024,20744.07,320.34
22,2.1.1,06 - 2024,90054.52,182203.63
22,2.1.2,06 - 2024,4980.12,1974.39
22,2.1.3,06 - 2024,,43031.65
22,2.1.4,06 - 2024,32848.92,17608.22
22,2.1.5,06 - 2024,8489.07,16339.4
22,2.1.6,06 - 2024,,2244.41
22,2.1.7,06 - 2024,6361.14,6577.36
22,2.2.1,06 - 2024,32506.88,38353.62
22,2.2.2,06 - 2024,4034.24,3757.0
22,2.3,06 - 2024,2356.37,2082.07
22,1.1.1,05 - 2025,414880.51,711444.27
22,1.1.2,05 - 2025,117910.73,179074.79
22,1.1.3,05 - 2025,19917.13,12620.94
22,1.1.4,05 - 2025,31775.09,42520.7
22,1.2.1,05 - 2025,183463.7,140692.26
22,1.2.2,05 - 2025,7319.34,7358.85
22,1.3,05 - 2025,47760.42,22683.78
22,1.4,05 - 2025,,
22,1.5,05 - 2025,4813.76,8468.64
22,1.6,05 - 2025,,
22,1.7,05 - 2025,73314.35,97289.24
22,1.8,05 - 2025,1019.5,3861.03
22,2.1.1,05 - 2025,169540.55,118512.57
22,2.1.2,05 - 2025,857.77,8993.03
22,2.1.3,05 - 2025,101517.21,15485.08
22,2.1.4,05 - 2025,34260.59,23350.82
22,2.1.5,05 - 2025,6817.28,9462.94
22,2.1.6,05 - 2025,,
22,2.1.7,05 - 2025,14051.25,5615.95
22,2.2.1,05 - 2025,57676.73,56597.4
22,2.2.2,05 - 2025,1897.37,1055.64
22,2.3,05 - 2025,4257.91,1064.1
22,1.1.1,06 - 2025,603729.34,561280.32
22,1.1.2,06 - 2025,146963.09,217691.41
22,1.1.3,06 - 2025,19790.46,27912.96
22,1.1.4,06 - 2025,32916.23,33370.28
22,1.2.1,06 - 2025,258306.42,152152.9
22,1.2.2,06 - 2025,9335.39,10078.27
22,1.3,06 - 2025,75615.84,126483.69
22,1.4,06 - 2025,,
22,1.5,06 - 2025,5936.63,10416.27
22,1.6,06 - 2025,,
22,1.7,06 - 2025,111836.86,107307.07
22,1.8,06 - 2025,550.86,21325.6
22,2.1.1,06 - 2025,172075.75,103278.35
22,2.1.2,06 - 2025,1289.81,8669.47
22,2.1.3,06 - 2025,,
22,2.1.4,06 - 2025,48463.86,26989.85
22,2.1.5,06 - 2025,6733.42,5589.74
22,2.1.6,06 - 2025,,
22,2.1.7,06 - 2025,8800.17,5661.46
22,2.2.1,06 - 2025,39569.76,36764.83
22,2.2.2,06 - 2025,8481.77,2354.77
22,2.3,06 - 2025,3062.28,2665.82
23,1.1.1,05 - 2024,336041.71,528783.5
23,1.1.2,05 - 2024,75525.02,146312.81
23,1.1.3,05 - 2024,6890.01,4246.2
23,1.1.4,05 - 2024,19941.35,32112.54
23,1.2.1,05 - 2024,100414.3,260208.11
23,1.2.2,05 - 2024,5478.11,7053.49
23,1.3,05 - 2024,,12856.53
23,1.4,05 - 2024,4110.21,3144.07
23,1.5,05 - 2024,4627.5,7635.93
23,1.6,05 - 2024,,
23,1.7,05 - 2024,75942.57,75564.03
23,1.8,05 - 2024,398.8,176.5
23,2.1.1,05 - 2024,115526.75,98744.83
23,2.1.2,05 - 2024,2328.73,1337.92
23,2.1.3,05 - 2024,60732.74,47003.24
23,2.1.4,05 - 2024,31978.33,19842.56
23,2.1.5,05 - 2024,1205.03,1905.74
23,2.1.6,05 - 2024,,
23,2.1.7,05 - 2024,22392.97,7026.79
23,2.2.1,05 - 2024,35117.34,21571.7
23,2.2.2,05 - 2024,1518.08,219.05
23,2.3,05 - 2024,716.38,1046.32
23,1.1.1,06 - 2024,488990.76,367438.15
23,1.1.2,06 - 2024,125259.03,138048.34
23,1.1.3,06 - 2024,4803.71,4940.86
23,1.1.4,06 - 2024,12573.4,13755.13
23,1.2.1,06 - 2024,175680.0,112179.51
23,1.2.2,06 - 2024,11176.16,5297.21
23,1.3,06 - 2024,10627.36,17565.01
23,1.4,06 - 2024,4098.65,3268.57
23,1.5,06 - 2024,4930.0,8988.53
23,1.6,06 - 2024,,
23,1.7,06 - 2024,66073.86,41213.72
23,1.8,06 - 2024,496.98,202.86
23,2.1.1,06 - 2024,67873.13,131143.04
23,2.1.2,06 - 2024,1358.83,1435.91
23,2.1.3,06 - 2024,12686.8,29253.31
23,2.1.4,06 - 2024,14918.54,11032.33
23,2.1.5,06 - 2024,3037.11,3495.1
23,2.1.6,06 - 2024,,
23,2.1.7,06 - 2024,4741.36,19409.67
23,2.2.1,06 - 2024,28293.06,13480.7
23,2.2.2,06 - 2024,,279.29
23,2.3,06 - 2024,172.7,750.76
23,1.1.1,05 - 2025,334184.75,507814.63
23,1.1.2,05 - 2025,110179.02,126692.06
23,1.1.3,05 - 2025,4669.6,5234.58
23,1.1.4,05 - 2025,15095.87,12583.25
23,1.2.1,05 - 2025,222937.81,134385.4
23,1.2.2,05 - 2025,8111.67,7688.57
23,1.3,05 - 2025,10546.05,
23,1.4,05 - 2025,796.74,4628.87
23,1.5,05 - 2025,5363.59,3963.82
23,1.6,05 - 2025,,
23,1.7,05 - 2025,74272.83,78951.35
23,1.8,05 - 2025,404.34,427.36
23,2.1.1,05 - 2025,72306.27,111434.05
23,2.1.2,05 - 2025,1225.71,1558.48
23,2.1.3,05 - 2025,50993.16,50829.65
23,2.1.4,05 - 2025,28447.82,23049.83
23,2.1.5,05 - 2025,2154.75,2017.16
23,2.1.6,05 - 2025,,
23,2.1.7,05 - 2025,5331.35,13600.57
23,2.2.1,05 - 2025,19129.07,31648.01
23,2.2.2,05 - 2025,486.85,1965.83
23,2.3,05 - 2025,350.03,572.06
23,1.1.1,06 - 2025,438098.1,451083.61
23,1.1.2,06 - 2025,87674.18,57659.18
23,1.1.3,06 - 2025,3863.47,2225.07
23,1.1.4,06 - 2025,15732.87,17800.37
23,1.2.1,06 - 2025,202996.13,100201.76
23,1.2.2,06 - 2025,7213.69,6781.6
23,1.3,06 - 2025,14378.9,14733.1
23,1.4,06 - 2025,251.46,2795.98
23,1.5,06 - 2025,2831.61,4400.08
23,1.6,06 - 2025,,
23,1.7,06 - 2025,56700.2,49133.74
23,1.8,06 - 2025,233.61,303.54
23,2.1.1,06 - 2025,78407.84,78620.96
23,2.1.2,06 - 2025,1293.83,1694.51
23,2.1.3,06 - 2025,59273.28,21911.41
23,2.1.4,06 - 2025,12211.08,24430.4
23,2.1.5,06 - 2025,5412.9,4560.25
23,2.1.6,06 - 2025,489.82,
23,2.1.7,06 - 2025,2526.52,3600.52
23,2.2.1,06 - 2025,17959.97,22845.44
23,2.2.2,06 - 2025,898.9,
23,2.3,06 - 2025,725.7,235.47
24,1.1.1,05 - 2024,85589.99,236472.47
24,1.1.2,05 - 2024,12260.3,12180.79
24,1.1.3,05 - 2024,,
24,1.1.4,05 - 2024,,
24,1.2.1,05 - 2024,230551.66,211995.05
24,1.2.2,05 - 2024,4394.46,1237.53
24,1.3,05 - 2024,791555.87,707555.8
24,1.4,05 - 2024,,
24,1.5,05 - 2024,2707.36,3382.69
24,1.6,05 - 2024,,
24,1.7,05 - 2024,956.13,744.77
24,1.8,05 - 2024,138.43,
24,2.1.1,05 - 2024,189551.54,141555.13
24,2.1.2,05 - 2024,704.9,184.12
24,2.1.3,05 - 2024,9152.2,
24,2.1.4,05 - 2024,6058.12,1716.08
24,2.1.5,05 - 2024,,
24,2.1.6,05 - 2024,,
24,2.1.7,05 - 2024,9666.19,12815.8
24,2.2.1,05 - 2024,19936.67,19319.25
24,2.2.2,05 - 2024,,
24,2.3,05 - 2024,52.5,585.81
24,1.1.1,06 - 2024,100446.49,220421.08
24,1.1.2,06 - 2024,19399.94,8924.96
24,1.1.3,06 - 2024,,
24,1.1.4,06 - 2024,,
24,1.2.1,06 - 2024,113678.94,110023.41
24,1.2.2,06 - 2024,2937.46,2019.09
24,1.3,06 - 2024,793789.01,794771.84
24,1.4,06 - 2024,,
24,1.5,06 - 2024,1674.61,3952.18
24,1.6,06 - 2024,,
24,1.7,06 - 2024,492.47,761.31
24,1.8,06 - 2024,34.57,
24,2.1.1,06 - 2024,203908.18,132119.92
24,2.1.2,06 - 2024,175.19,358.75
24,2.1.3,06 - 2024,,
24,2.1.4,06 - 2024,4001.73,1670.78
24,2.1.5,06 - 2024,,
24,2.1.6,06 - 2024,,
24,2.1.7,06 - 2024,13201.7,9428.66
24,2.2.1,06 - 2024,12496.43,19561.35
24,2.2.2,06 - 2024,,
24,2.3,06 - 2024,135.87,507.55
24,1.1.1,05 - 2025,94025.94,160811.77
24,1.1.2,05 - 2025,11801.11,7339.8
24,1.1.3,05 - 2025,,
24,1.1.4,05 - 2025,,
24,1.2.1,05 - 2025,160170.96,298660.86
24,1.2.2,05 - 2025,7085.26,5806.21
24,1.3,05 - 2025,602950.4,925895.12
24,1.4,05 - 2025,,
24,1.5,05 - 2025,3268.13,2256.3
24,1.6,05 - 2025,,
24,1.7,05 - 2025,3612.17,801.4
24,1.8,05 - 2025,26112.24,355.16
24,2.1.1,05 - 2025,141472.3,125433.38
24,2.1.2,05 - 2025,2635.81,468.21
24,2.1.3,05 - 2025,,2774.49
24,2.1.4,05 - 2025,6046.17,5258.62
24,2.1.5,05 - 2025,,
24,2.1.6,05 - 2025,,
24,2.1.7,05 - 2025,16075.24,16555.35
24,2.2.1,05 - 2025,19748.95,12212.82
24,2.2.2,05 - 2025,,
24,2.3,05 - 2025,,624.65
24,1.1.1,06 - 2025,71498.74,145881.08
24,1.1.2,06 - 2025,11163.92,13444.42
24,1.1.3,06 - 2025,,
24,1.1.4,06 - 2025,,
24,1.2.1,06 - 2025,139908.73,200074.51
24,1.2.2,06 - 2025,3488.59,7273.23
24,1.3,06 - 2025,895725.11,904588.7
24,1.4,06 - 2025,,
24,1.5,06 - 2025,3062.46,2486.15
24,1.6,06 - 2025,,
24,1.7,06 - 2025,4365.34,1114.3
24,1.8,06 - 2025,32333.21,301.83
24,2.1.1,06 - 2025,226716.08,208232.87
24,2.1.2,06 - 2025,22582.93,460.76
24,2.1.3,06 - 2025,3371.41,2548.57
24,2.1.4,06 - 2025,2004.44,4304.03
24,2.1.5,06 - 2025,,
24,2.1.6,06 - 2025,,
24,2.1.7,06 - 2025,,13640.51
24,2.2.1,06 - 2025,32702.11,22788.31
24,2.2.2,06 - 2025,,
24,2.3,06 - 2025,707.88,391.8
25,1.1.1,05 - 2024,1187925.43,1276478.44
25,1.1.2,05 - 2024,449314.84,229116.97
25,1.1.3,05 - 2024,31712.25,45146.17
25,1.1.4,05 - 2024,75521.15,69053.93
25,1.2.1,05 - 2024,299056.13,257714.84
25,1.2.2,05 - 2024,13609.78,11084.92
25,1.3,05 - 2024,160390.14,271276.48
25,1.4,05 - 2024,,
25,1.5,05 - 2024,25892.33,38902.68
25,1.6,05 - 2024,60207.7,50654.76
25,1.7,05 - 2024,210581.05,158057.67
25,1.8,05 - 2024,205.43,1210.1
25,2.1.1,05 - 2024,454881.59,442361.38
25,2.1.2,05 - 2024,1155.96,3469.0
25,2.1.3,05 - 2024,,92792.37
25,2.1.4,05 - 2024,24340.73,22729.04
25,2.1.5,05 - 2024,30798.78,29612.73
25,2.1.6,05 - 2024,,
25,2.1.7,05 - 2024,12576.94,20641.85
25,2.2.1,05 - 2024,68848.71,78499.81
25,2.2.2,05 - 2024,8614.23,13699.44
25,2.3,05 - 2024,2048.5,5684.5
25,1.1.1,06 - 2024,893715.2,1505652.06
25,1.1.2,06 - 2024,380567.59,367450.0
25,1.1.3,06 - 2024,27781.27,27939.38
25,1.1.4,06 - 2024,83308.79,57586.54
25,1.2.1,06 - 2024,187334.49,154105.18
25,1.2.2,06 - 2024,8769.0,11402.08
25,1.3,06 - 2024,249004.69,171147.68
25,1.4,06 - 2024,,
25,1.5,06 - 2024,24032.39,40188.24
25,1.6,06 - 2024,93437.92,60017.76
25,1.7,06 - 2024,171806.17,127213.17
25,1.8,06 - 2024,,1357.76
25,2.1.1,06 - 2024,188035.55,436136.8
25,2.1.2,06 - 2024,14.96,3473.13
25,2.1.3,06 - 2024,75766.24,141013.89
25,2.1.4,06 - 2024,46964.43,15334.88
25,2.1.5,06 - 2024,23879.14,26037.78
25,2.1.6,06 - 2024,,
25,2.1.7,06 - 2024,12041.79,14839.2
25,2.2.1,06 - 2024,70608.37,46245.12
25,2.2.2,06 - 2024,9300.8,19389.98
25,2.3,06 - 2024,4760.84,5290.54
25,1.1.1,05 - 2025,1279393.51,981344.19
25,1.1.2,05 - 2025,348005.59,340026.89
25,1.1.3,05 - 2025,48260.09,40879.87
25,1.1.4,05 - 2025,41477.52,94557.44
25,1.2.1,05 - 2025,221192.85,204321.98
25,1.2.2,05 - 2025,13201.92,14728.28
25,1.3,05 - 2025,350308.38,126265.21
25,1.4,05 - 2025,,
25,1.5,05 - 2025,31383.82,27741.64
25,1.6,05 - 2025,82997.51,98072.15
25,1.7,05 - 2025,247793.01,220597.87
25,1.8,05 - 2025,8325.66,152.2
25,2.1.1,05 - 2025,344759.82,190482.61
25,2.1.2,05 - 2025,4185.23,5656.96
25,2.1.3,05 - 2025,86091.99,85977.76
25,2.1.4,05 - 2025,49939.63,67958.34
25,2.1.5,05 - 2025,20007.57,57380.25
25,2.1.6,05 - 2025,,
25,2.1.7,05 - 2025,7105.88,7164.17
25,2.2.1,05 - 2025,85701.04,82993.65
25,2.2.2,05 - 2025,13749.41,13274.02
25,2.3,05 - 2025,4063.75,7842.3
25,1.1.1,06 - 2025,626725.26,889492.63
25,1.1.2,06 - 2025,161450.28,318729.48
25,1.1.3,06 - 2025,23129.69,42727.97
25,1.1.4,06 - 2025,59137.31,67932.86
25,1.2.1,06 - 2025,148750.92,229685.0
25,1.2.2,06 - 2025,11334.31,11426.67
25,1.3,06 - 2025,101417.88,271320.68
25,1.4,06 - 2025,,
25,1.5,06 - 2025,17337.85,17741.07
25,1.6,06 - 2025,68765.99,73428.16
25,1.7,06 - 2025,118509.1,213736.93
25,1.8,06 - 2025,1468.79,
25,2.1.1,06 - 2025,290654.99,168513.93
25,2.1.2,06 - 2025,2690.84,5043.55
25,2.1.3,06 - 2025,116215.29,175424.07
25,2.1.4,06 - 2025,20952.52,82040.45
25,2.1.5,06 - 2025,15608.16,49995.22
25,2.1.6,06 - 2025,,3482.31
25,2.1.7,06 - 2025,6194.97,9020.66
25,2.2.1,06 - 2025,71011.94,91537.32
25,2.2.2,06 - 2025,6727.4,7297.68
25,2.3,06 - 2025,6598.52,5819.27
26,1.1.1,05 - 2025,269806.31,298952.04
26,1.1.2,05 - 2025,93956.83,38427.94
26,1.1.3,05 - 2025,62428.88,35223.15
26,1.1.4,05 - 2025,9292.06,11806.74
26,1.2.1,05 - 2025,19733.63,24397.08
26,1.2.2,05 - 2025,687.13,818.51
26,1.3,05 - 2025,32940.26,11506.41
26,1.4,05 - 2025,,
26,1.5,05 - 2025,1726.12,1763.88
26,1.6,05 - 2025,,
26,1.7,05 - 2025,47764.98,57658.9
26,1.8,05 - 2025,,
26,2.1.1,05 - 2025,52535.27,84607.12
26,2.1.2,05 - 2025,623.07,810.82
26,2.1.3,05 - 2025,4659.24,
26,2.1.4,05 - 2025,55840.14,18566.01
26,2.1.5,05 - 2025,10994.14,10709.34
26,2.1.6,05 - 2025,,
26,2.1.7,05 - 2025,1471.44,2014.38
26,2.2.1,05 - 2025,11353.73,10523.23
26,2.2.2,05 - 2025,27455.35,3669.78
26,2.3,05 - 2025,2332.69,1017.77
26,1.1.1,06 - 2025,351195.09,353820.03
26,1.1.2,06 - 2025,62997.16,59441.56
26,1.1.3,06 - 2025,37288.24,53944.71
26,1.1.4,06 - 2025,8352.91,15843.84
26,1.2.1,06 - 2025,31653.98,29688.6
26,1.2.2,06 - 2025,997.34,736.79
26,1.3,06 - 2025,57005.22,46305.55
26,1.4,06 - 2025,,
26,1.5,06 - 2025,901.54,795.97
26,1.6,06 - 2025,,
26,1.7,06 - 2025,66127.42,27399.1
26,1.8,06 - 2025,,
26,2.1.1,06 - 2025,113148.66,61813.63
26,2.1.2,06 - 2025,910.12,344.1
26,2.1.3,06 - 2025,6572.11,3319.94
26,2.1.4,06 - 2025,24994.81,15839.83
26,2.1.5,06 - 2025,5511.54,10687.79
26,2.1.6,06 - 2025,,
26,2.1.7,06 - 2025,1752.56,868.82
26,2.2.1,06 - 2025,12552.49,11525.54
26,2.2.2,06 - 2025,25353.78,11686.62
26,2.3,06 - 2025,1840.74,1131.12
27,1.1.1,05 - 2024,776260.79,577975.32
27,1.1.2,05 - 2024,184522.45,180544.85
27,1.1.3,05 - 2024,154288.06,185472.25
27,1.1.4,05 - 2024,77075.69,81814.44
27,1.2.1,05 - 2024,,
27,1.2.2,05 - 2024,,
27,1.3,05 - 2024,215082.31,36062.67
27,1.4,05 - 2024,,
27,1.5,05 - 2024,,
27,1.6,05 - 2024,59106.34,45510.86
27,1.7,05 - 2024,175412.6,179042.09
27,1.8,05 - 2024,,
27,2.1.1,05 - 2024,166949.52,49258.14
27,2.1.2,05 - 2024,492.12,
27,2.1.3,05 - 2024,,
27,2.1.4,05 - 2024,16747.52,120869.74
27,2.1.5,05 - 2024,8745.82,15481.81
27,2.1.6,05 - 2024,,
27,2.1.7,05 - 2024,6720.42,
27,2.2.1,05 - 2024,36221.91,76349.96
27,2.2.2,05 - 2024,29565.64,47314.48
27,2.3,05 - 2024,1020.21,5323.5
27,1.1.1,06 - 2024,756211.89,633972.33
27,1.1.2,06 - 2024,239255.34,264581.6
27,1.1.3,06 - 2024,208223.08,219091.3
27,1.1.4,06 - 2024,89393.78,79154.72
27,1.2.1,06 - 2024,,
27,1.2.2,06 - 2024,,
27,1.3,06 - 2024,131138.28,32795.89
27,1.4,06 - 2024,,
27,1.5,06 - 2024,,
27,1.6,06 - 2024,26802.63,27989.24
27,1.7,06 - 2024,152838.17,183061.44
27,1.8,06 - 2024,,
27,2.1.1,06 - 2024,219555.07,96004.07
27,2.1.2,06 - 2024,,
27,2.1.3,06 - 2024,,
27,2.1.4,06 - 2024,14078.09,174144.56
27,2.1.5,06 - 2024,1404.67,3228.4
27,2.1.6,06 - 2024,,
27,2.1.7,06 - 2024,,
27,2.2.1,06 - 2024,26690.19,59319.06
27,2.2.2,06 - 2024,44834.93,48674.94
27,2.3,06 - 2024,1013.87,4948.63
27,1.1.1,05 - 2025,633986.91,505606.22
27,1.1.2,05 - 2025,260895.55,184223.15
27,1.1.3,05 - 2025,153270.87,202330.65
27,1.1.4,05 - 2025,75351.22,94091.38
27,1.2.1,05 - 2025,32735.36,31912.66
27,1.2.2,05 - 2025,845.4,1776.89
27,1.3,05 - 2025,43076.85,181635.28
27,1.4,05 - 2025,,
27,1.5,05 - 2025,16.22,
27,1.6,05 - 2025,40134.21,60998.4
27,1.7,05 - 2025,95851.13,148245.19
27,1.8,05 - 2025,,
27,2.1.1,05 - 2025,393843.82,258488.67
27,2.1.2,05 - 2025,,501.32
27,2.1.3,05 - 2025,,
27,2.1.4,05 - 2025,29723.62,24504.56
27,2.1.5,05 - 2025,,10873.08
27,2.1.6,05 - 2025,,
27,2.1.7,05 - 2025,,13680.64
27,2.2.1,05 - 2025,3944.02,23119.45
27,2.2.2,05 - 2025,26675.16,37119.62
27,2.3,05 - 2025,832.82,1141.95
27,1.1.1,06 - 2025,696022.77,505441.75
27,1.1.2,06 - 2025,134792.25,224915.29
27,1.1.3,06 - 2025,154982.69,162435.54
27,1.1.4,06 - 2025,68289.03,74363.09
27,1.2.1,06 - 2025,40311.96,20338.51
27,1.2.2,06 - 2025,829.96,2032.45
27,1.3,06 - 2025,129116.87,116420.32
27,1.4,06 - 2025,,
27,1.5,06 - 2025,,
27,1.6,06 - 2025,20496.75,52037.6
27,1.7,06 - 2025,116850.39,121405.98
27,1.8,06 - 2025,,
27,2.1.1,06 - 2025,317002.63,294467.02
27,2.1.2,06 - 2025,,
27,2.1.3,06 - 2025,,
27,2.1.4,06 - 2025,20338.29,24696.92
27,2.1.5,06 - 2025,,1889.92
27,2.1.6,06 - 2025,,
27,2.1.7,06 - 2025,4726.59,
27,2.2.1,06 - 2025,9018.34,24870.9
27,2.2.2,06 - 2025,51485.92,61781.43
27,2.3,06 - 2025,998.46,839.55
28,1.1.1,06 - 2024,94547.96,82050.44
28,1.1.2,06 - 2024,56176.17,73456.86
28,1.1.3,06 - 2024,9875.12,16979.23
28,1.1.4,06 - 2024,3322.85,5829.53
28,1.2.1,06 - 2024,,
28,1.2.2,06 - 2024,,
28,1.3,06 - 2024,91181.43,
28,1.4,06 - 2024,,
28,1.5,06 - 2024,,
28,1.6,06 - 2024,,
28,1.7,06 - 2024,16733.0,27390.13
28,1.8,06 - 2024,109.65,
28,2.1.1,06 - 2024,95978.44,174031.99
28,2.1.2,06 - 2024,,
28,2.1.3,06 - 2024,,
28,2.1.4,06 - 2024,,
28,2.1.5,06 - 2024,,
28,2.1.6,06 - 2024,,
28,2.1.7,06 - 2024,,
28,2.2.1,06 - 2024,,
28,2.2.2,06 - 2024,,
28,2.3,06 - 2024,,
28,1.1.1,06 - 2025,133937.34,61888.94
28,1.1.2,06 - 2025,35978.71,48408.45
28,1.1.3,06 - 2025,13991.66,7922.15
28,1.1.4,06 - 2025,3789.12,3892.86
28,1.2.1,06 - 2025,,
28,1.2.2,06 - 2025,,
28,1.3,06 - 2025,187050.94,81270.61
28,1.4,06 - 2025,,
28,1.5,06 - 2025,,
28,1.6,06 - 2025,,
28,1.7,06 - 2025,39794.4,15185.12
28,1.8,06 - 2025,181.43,88.3
28,2.1.1,06 - 2025,188252.1,159097.14
28,2.1.2,06 - 2025,,
28,2.1.3,06 - 2025,,
28,2.1.4,06 - 2025,,
28,2.1.5,06 - 2025,,
28,2.1.6,06 - 2025,,
28,2.1.7,06 - 2025,,
28,2.2.1,06 - 2025,24334.85,
28,2.2.2,06 - 2025,,
28,2.3,06 - 2025,,
29,1.1.1,05 - 2024,1410811.64,314188.9
29,1.1.2,05 - 2024,284820.31,151764.74
29,1.1.3,05 - 2024,33933.92,26299.82
29,1.1.4,05 - 2024,38512.48,49874.82
29,1.2.1,05 - 2024,176010.51,70026.45
29,1.2.2,05 - 2024,4721.72,147.4
29,1.3,05 - 2024,,19388.44
29,1.4,05 - 2024,,
29,1.5,05 - 2024,19502.73,7167.17
29,1.6,05 - 2024,,
29,1.7,05 - 2024,118046.21,39167.94
29,1.8,05 - 2024,3537.93,1291.85
29,2.1.1,05 - 2024,284633.52,164222.68
29,2.1.2,05 - 2024,5189.06,681.4
29,2.1.3,05 - 2024,87537.02,25858.2
29,2.1.4,05 - 2024,38334.37,16067.98
29,2.1.5,05 - 2024,18701.26,7765.03
29,2.1.6,05 - 2024,,
29,2.1.7,05 - 2024,7379.99,8582.79
29,2.2.1,05 - 2024,41041.25,15082.0
29,2.2.2,05 - 2024,15451.94,10755.74
29,2.3,05 - 2024,2213.55,1715.39
29,1.1.1,06 - 2024,581059.65,336696.85
29,1.1.2,06 - 2024,234340.77,80019.85
29,1.1.3,06 - 2024,21861.66,17524.57
29,1.1.4,06 - 2024,49042.29,51906.65
29,1.2.1,06 - 2024,107385.71,87027.44
29,1.2.2,06 - 2024,2669.99,82.52
29,1.3,06 - 2024,,35741.36
29,1.4,06 - 2024,,
29,1.5,06 - 2024,11916.94,5711.02
29,1.6,06 - 2024,,
29,1.7,06 - 2024,95826.1,68967.1
29,1.8,06 - 2024,2998.41,1327.95
29,2.1.1,06 - 2024,118612.59,104411.24
29,2.1.2,06 - 2024,1918.19,714.38
29,2.1.3,06 - 2024,70334.21,21771.19
29,2.1.4,06 - 2024,40395.77,14126.44
29,2.1.5,06 - 2024,17409.62,9369.99
29,2.1.6,06 - 2024,,
29,2.1.7,06 - 2024,4865.26,6651.72
29,2.2.1,06 - 2024,33622.49,15013.88
29,2.2.2,06 - 2024,19430.86,12126.52
29,2.3,06 - 2024,3083.27,2301.14
29,1.1.1,05 - 2025,916997.87,813328.48
29,1.1.2,05 - 2025,167441.16,305125.88
29,1.1.3,05 - 2025,28337.25,26965.62
29,1.1.4,05 - 2025,54666.98,37498.8
29,1.2.1,05 - 2025,153141.97,171580.54
29,1.2.2,05 - 2025,3950.19,3834.01
29,1.3,05 - 2025,,13861.39
29,1.4,05 - 2025,,
29,1.5,05 - 2025,10937.56,17597.56
29,1.6,05 - 2025,,
29,1.7,05 - 2025,94379.92,76859.95
29,1.8,05 - 2025,5132.52,4851.79
29,2.1.1,05 - 2025,224745.52,313401.01
29,2.1.2,05 - 2025,5410.63,4394.04
29,2.1.3,05 - 2025,87239.54,45631.19
29,2.1.4,05 - 2025,28314.24,32432.65
29,2.1.5,05 - 2025,21095.41,10164.42
29,2.1.6,05 - 2025,,
29,2.1.7,05 - 2025,8108.59,7509.22
29,2.2.1,05 - 2025,27101.26,30631.76
29,2.2.2,05 - 2025,6417.47,8052.07
29,2.3,05 - 2025,3545.57,2011.61
29,1.1.1,06 - 2025,473506.52,915176.71
29,1.1.2,06 - 2025,224947.42,218223.2
29,1.1.3,06 - 2025,32751.49,34430.35
29,1.1.4,06 - 2025,50812.02,38747.24
29,1.2.1,06 - 2025,149583.45,127074.96
29,1.2.2,06 - 2025,3225.98,2034.14
29,1.3,06 - 2025,,15497.5
29,1.4,06 - 2025,,
29,1.5,06 - 2025,11285.98,9891.69
29,1.6,06 - 2025,,
29,1.7,06 - 2025,89069.99,111062.06
29,1.8,06 - 2025,2220.09,4210.79
29,2.1.1,06 - 2025,257854.99,116944.54
29,2.1.2,06 - 2025,3642.64,1384.79
29,2.1.3,06 - 2025,63957.57,60970.14
29,2.1.4,06 - 2025,49415.84,36960.09
29,2.1.5,06 - 2025,12358.32,19686.91
29,2.1.6,06 - 2025,,
29,2.1.7,06 - 2025,6195.26,8047.89
29,2.2.1,06 - 2025,69896.48,48282.1
29,2.2.2,06 - 2025,14385.48,11576.06
29,2.3,06 - 2025,5989.13,2796.86
30,1.1.1,06 - 2024,181337.49,
30,1.1.2,06 - 2024,37947.32,
30,1.1.3,06 - 2024,3594.49,
30,1.1.4,06 - 2024,14186.48,
30,1.2.1,06 - 2024,12633.91,
30,1.2.2,06 - 2024,501.77,
30,1.3,06 - 2024,,
30,1.4,06 - 2024,,
30,1.5,06 - 2024,1560.72,
30,1.6,06 - 2024,,
30,1.7,06 - 2024,35432.5,
30,1.8,06 - 2024,66.63,
30,2.1.1,06 - 2024,7665.79,
30,2.1.2,06 - 2024,37.98,
30,2.1.3,06 - 2024,76951.31,
30,2.1.4,06 - 2024,10585.51,
30,2.1.5,06 - 2024,9270.09,
30,2.1.6,06 - 2024,1067.49,
30,2.1.7,06 - 2024,63.11,
30,2.2.1,06 - 2024,9.63,
30,2.2.2,06 - 2024,2515.37,
30,2.3,06 - 2024,2584.15,
30,1.1.1,05 - 2025,608080.54,596159.59
30,1.1.2,05 - 2025,190806.44,157717.61
30,1.1.3,05 - 2025,15567.1,12359.35
30,1.1.4,05 - 2025,42445.59,45700.22
30,1.2.1,05 - 2025,60179.21,78180.08
30,1.2.2,05 - 2025,4043.51,5662.5
30,1.3,05 - 2025,,50778.43
30,1.4,05 - 2025,,
30,1.5,05 - 2025,5606.02,9743.63
30,1.6,05 - 2025,,
30,1.7,05 - 2025,86181.6,124083.23
30,1.8,05 - 2025,327.19,451.01
30,2.1.1,05 - 2025,178675.94,145881.96
30,2.1.2,05 - 2025,5681.26,501.26
30,2.1.3,05 - 2025,20498.78,60422.78
30,2.1.4,05 - 2025,11088.7,17085.73
30,2.1.5,05 - 2025,12250.61,17292.22
30,2.1.6,05 - 2025,1191.13,16661.96
30,2.1.7,05 - 2025,8661.9,8669.32
30,2.2.1,05 - 2025,34532.0,26748.32
30,2.2.2,05 - 2025,654.76,5049.31
30,2.3,05 - 2025,127.67,126.8
30,1.1.1,06 - 2025,675671.17,923391.5
30,1.1.2,06 - 2025,98439.85,125053.48
30,1.1.3,06 - 2025,25516.39,18504.11
30,1.1.4,06 - 2025,44856.38,48123.2
30,1.2.1,06 - 2025,85878.51,105114.21
30,1.2.2,06 - 2025,4064.05,6219.18
30,1.3,06 - 2025,,65686.03
30,1.4,06 - 2025,,
30,1.5,06 - 2025,5594.05,9063.68
30,1.6,06 - 2025,,
30,1.7,06 - 2025,79668.98,91625.03
30,1.8,06 - 2025,404.01,1620.39
30,2.1.1,06 - 2025,189069.48,90270.73
30,2.1.2,06 - 2025,4159.79,1955.73
30,2.1.3,06 - 2025,68058.06,-29647.17
30,2.1.4,06 - 2025,14305.28,17299.7
30,2.1.5,06 - 2025,8574.01,5752.35
30,2.1.6,06 - 2025,2053.78,-2086.58
30,2.1.7,06 - 2025,9458.23,8115.33
30,2.2.1,06 - 2025,47059.08,53723.5
30,2.2.2,06 - 2025,958.88,1420.85
30,2.3,06 - 2025,1657.7,1236.59
31,1.1.1,05 - 2025,1259650.19,
31,1.1.2,05 - 2025,390707.37,
31,1.1.3,05 - 2025,16965.26,
31,1.1.4,05 - 2025,93746.01,
31,1.2.1,05 - 2025,,
31,1.2.2,05 - 2025,,
31,1.3,05 - 2025,6239.9,
31,1.4,05 - 2025,,
31,1.5,05 - 2025,20007.99,
31,1.6,05 - 2025,,
31,1.7,05 - 2025,160539.68,
31,1.8,05 - 2025,829.56,
31,2.1.1,05 - 2025,320934.35,
31,2.1.2,05 - 2025,,
31,2.1.3,05 - 2025,,
31,2.1.4,05 - 2025,5091.5,
31,2.1.5,05 - 2025,5578.85,
31,2.1.6,05 - 2025,,
31,2.1.7,05 - 2025,888.09,
31,2.2.1,05 - 2025,66472.59,
31,2.2.2,05 - 2025,5256.73,
31,2.3,05 - 2025,2714.2,
31,1.1.1,06 - 2025,792312.44,
31,1.1.2,06 - 2025,217714.44,
31,1.1.3,06 - 2025,12447.17,
31,1.1.4,06 - 2025,81725.44,
31,1.2.1,06 - 2025,0.03,
31,1.2.2,06 - 2025,,
31,1.3,06 - 2025,,
31,1.4,06 - 2025,,
31,1.5,06 - 2025,19928.03,
31,1.6,06 - 2025,,
31,1.7,06 - 2025,200838.02,
31,1.8,06 - 2025,802.75,
31,2.1.1,06 - 2025,357550.73,
31,2.1.2,06 - 2025,,
31,2.1.3,06 - 2025,,
31,2.1.4,06 - 2025,1205.56,
31,2.1.5,06 - 2025,8663.43,
31,2.1.6,06 - 2025,,
31,2.1.7,06 - 2025,2062.23,
31,2.2.1,06 - 2025,114390.57,
31,2.2.2,06 - 2025,4602.88,
31,2.3,06 - 2025,1619.6,
